time,SSI_price_close,SSI_Volume,HCM_price_close,HCM_volume,VIX_price_close,VIX_Volume
2009-05-01,,,"6,650.68553629 ₫",454816.7621,,
2009-06-01,,,"8,418.58928382 ₫",46580074.94,,
2009-07-01,,,"9,260.44820741 ₫",40558804,,
2009-08-03,,,"9,821.68749247 ₫",34238984.51,,
2009-09-01,,,"11,224.78570910 ₫",76479932.34,,
2009-10-01,,,"12,908.50356427 ₫",90395008.08,,
2009-11-02,,,"10,312.77187388 ₫",45791669.37,,
2009-12-01,,,"8,139.21189197 ₫",44757416.9,,
2010-01-01,,,"7,714.55735827 ₫",38811030.36,,
2010-02-01,,,"7,856.10886950 ₫",15423219.3,,
2010-03-01,,,"8,209.98765158 ₫",85300184.34,,
2010-04-01,,,"8,422.31491444 ₫",38266140.39,,
2010-05-03,,,"7,360.67858417 ₫",28535053.88,,
2010-06-01,,,"6,794.47253924 ₫",14932161.32,,
2010-07-01,,,"6,327.35255456 ₫",13247898.12,,
2010-08-02,,,"4,925.99259254 ₫",18099135.63,,
2010-09-01,,,"4,572.11381047 ₫",14673033.03,,
2010-10-01,,,"3,864.35625430 ₫",9684954.885,,
2010-11-01,,,"4,274.85563767 ₫",11833218.77,,
2010-12-01,,,"4,232.39018670 ₫",26722780.76,,
2011-01-03,,,"4,133.30412644 ₫",7286746.649,,
2011-02-01,,,"3,468.01202124 ₫",5890647.107,,
2011-03-01,,,"3,312.30535969 ₫",13785723.54,,
2011-04-01,,,"2,944.27143527 ₫",5980367.095,,
2011-05-02,,,"2,264.82417975 ₫",7226203.318,,
2011-06-01,,,"2,477.15144261 ₫",22209582.74,,
2011-07-01,,,"2,406.37569098 ₫",4626160.43,,
2011-08-01,,,"3,162.91642193 ₫",16132537.81,,
2011-09-01,,,"2,853.50068327 ₫",21704603.88,,
2011-10-03,,,"3,042.58807823 ₫",12597555.77,,
2011-11-01,,,"2,750.36210637 ₫",6453259.364,,
2011-12-01,,,"2,406.56684208 ₫",15331624.86,,
2012-01-02,"4,647.55042193 ₫",31715786.33,"2,647.21983793 ₫",6637174.978,,
2012-02-01,"5,417.01241271 ₫",110788926.8,"2,905.06592660 ₫",27209869.58,,
2012-03-01,"5,663.24024931 ₫",166085196.3,"3,111.34279651 ₫",63297726.18,,
2012-04-02,"7,079.05031146 ₫",177137563.3,"4,159.91688881 ₫",61039988.3,,
2012-05-01,"6,648.15159721 ₫",165627001,"3,730.17340843 ₫",51726806.26,,
2012-06-01,"6,401.92376061 ₫",123007656.1,"3,351.99914608 ₫",23631808.92,,
2012-07-02,"6,340.36680090 ₫",97169341.49,"3,678.60419040 ₫",25049387.95,,
2012-08-01,"5,786.35416798 ₫",111269486.1,"3,317.61966715 ₫",25433435.47,,
2012-09-03,"5,016.89217721 ₫",78228065.01,"3,094.15305741 ₫",17914965.99,,
2012-10-01,"4,862.99977979 ₫",72544114.71,"2,991.01462209 ₫",8819412.102,,
2012-11-01,"4,370.54410584 ₫",64881627.03,"2,819.11723038 ₫",12016622.81,,
2012-12-03,"5,016.89217721 ₫",96451019.14,"3,712.98366933 ₫",26334819.36,,
2013-01-01,"5,724.79720901 ₫",206498557.3,"3,661.41445130 ₫",22238057.79,,
2013-02-01,"5,570.90481086 ₫",94219355.33,"3,558.27601598 ₫",15230597.61,,
2013-03-01,"5,386.23393322 ₫",74362766.22,"3,609.84523401 ₫",17514365.46,,
2013-04-01,"5,263.12001455 ₫",87691478.56,"3,541.08627688 ₫",35962891.25,,
2013-05-01,"5,847.91112695 ₫",102559512.8,"3,764.55288662 ₫",24925535.22,,
2013-06-03,"5,417.01241271 ₫",90012364.82,"3,730.17340843 ₫",31907845.17,,
2013-07-01,"5,078.44913691 ₫",61459456.62,"3,609.84523401 ₫",21065196.38,,
2013-08-01,"5,016.89217721 ₫",55643094.22,"3,678.60419040 ₫",19953895.01,,
2013-09-02,"5,109.22761640 ₫",42183674.85,"3,936.45027907 ₫",10323514.82,,
2013-10-01,"5,078.44913691 ₫",75505403.79,"4,039.58865398 ₫",30440770.04,,
2013-11-01,"5,355.45545300 ₫",100970022.5,"4,533.79364838 ₫",40680351.92,,
2013-12-02,"5,540.12633064 ₫",103580082.1,"5,264.35755366 ₫",48043981.5,,
2014-01-01,"7,079.05031146 ₫",247508895.1,"6,188.30602273 ₫",56143102.35,,
2014-02-03,"7,940.84774142 ₫",297802737,"6,832.92123289 ₫",71272792.33,,
2014-03-03,"9,171.98692592 ₫",322823664.4,"9,132.04881740 ₫",101253823.5,,
2014-04-01,"8,217.85405751 ₫",250978832.1,"7,112.25449087 ₫",83986920.07,,
2014-05-01,"7,417.61358725 ₫",234499935.4,"6,703.99819067 ₫",117561698.9,,
2014-06-02,"7,971.62622091 ₫",228723023.2,"7,692.40818039 ₫",101757649.5,,
2014-07-01,"7,817.73382275 ₫",205637939.5,"7,348.61340176 ₫",90622347.95,,
2014-08-01,"8,925.75908858 ₫",219893654,"8,379.99773857 ₫",81664455.59,,
2014-09-01,"9,510.55020172 ₫",431198872.9,"8,401.48491212 ₫",107141468.8,,
2014-10-01,"9,572.10716068 ₫",392432812.1,"7,928.76709127 ₫",69748365.14,,
2014-11-03,"9,295.10084387 ₫",263178170.4,"7,649.43383329 ₫",31684137.75,,
2014-12-01,"8,464.08189485 ₫",326262967.5,"6,703.99819067 ₫",30815757.19,,
2015-01-01,"8,094.74013884 ₫",156068263.4,"6,811.43405934 ₫",29919171.56,,
2015-02-02,"8,402.52493515 ₫",70895142.29,"6,875.89558091 ₫",11760825.81,,
2015-03-02,"7,460.70644365 ₫",109695102.3,"6,832.92123289 ₫",29695703.34,,
2015-04-01,"7,608.44320432 ₫",65849850.13,"6,746.97253869 ₫",19307879.35,,
2015-05-01,"7,903.91672712 ₫",112259851.9,"6,789.94688579 ₫",42074517.62,,
2015-06-01,"8,975.00824634 ₫",298987926.2,"7,950.25426482 ₫",98545272.33,,
2015-07-01,"10,046.09976556 ₫",381541902.2,"7,950.25426482 ₫",111961395.8,,
2015-08-03,"10,522.54976846 ₫",283031925.9,"8,551.89512789 ₫",134745436.1,,
2015-09-01,"9,547.48724130 ₫",162223738.1,"7,778.35687551 ₫",61956418.03,,
2015-10-01,"9,750.62526782 ₫",151364264,"7,692.40818039 ₫",77536929.47,,
2015-11-02,"9,222.46639916 ₫",85464917.67,"6,811.43405934 ₫",35545701.2,,
2015-12-01,"9,019.32837265 ₫",151494543.4,"6,618.04949647 ₫",25203624.79,,
2016-01-01,"8,328.65908292 ₫",111413167,"5,973.43428539 ₫",44844479.6,,
2016-02-01,"9,141.21118826 ₫",106153325.6,"6,940.35710156 ₫",42178177.73,,
2016-03-01,"8,572.42471489 ₫",163672345.6,"6,231.28036982 ₫",70733553.43,,
2016-04-01,"8,694.30753050 ₫",123141072.4,"6,252.76754337 ₫",48007083.61,,
2016-05-02,"8,734.93513596 ₫",72044209.4,"6,768.45971224 ₫",58973163.4,,
2016-06-01,"8,450.54189854 ₫",91398343.8,"6,424.66493269 ₫",95937020.25,,
2016-07-01,"9,303.72160934 ₫",183277532.5,"6,703.99819067 ₫",95606489.53,,
2016-08-01,"8,694.30753050 ₫",83682891.02,"6,209.79319627 ₫",49378541.65,,
2016-09-01,"9,059.95597810 ₫",102925205.3,"6,317.22906494 ₫",47903203.43,,
2016-10-03,"8,552.11091180 ₫",74829019.61,"6,016.40863249 ₫",32837575.98,,
2016-11-01,"8,064.57964859 ₫",49258717.97,"5,737.07537451 ₫",26202785.43,,
2016-12-01,"7,963.01063533 ₫",82287796.46,"5,844.51124317 ₫",18380492.45,,
2017-01-02,"8,206.77626730 ₫",42999275.02,"6,027.15222018 ₫",23276675.25,,
2017-02-01,"8,613.05231960 ₫",74084949.05,"6,703.99819067 ₫",58123773.25,,
2017-03-01,"9,689.68386002 ₫",171678343.4,"6,961.84427511 ₫",63501433.87,,
2017-04-03,"8,897.44555703 ₫",126348619.8,"6,918.86992801 ₫",46682518.17,,
2017-05-01,"10,075.64610996 ₫",265709773.5,"8,809.74121232 ₫",116155260.4,,
2017-06-01,"11,233.53286054 ₫",202608224.9,"9,583.27946562 ₫",70911166.2,,
2017-07-03,"10,685.06018952 ₫",226081515.4,"9,411.38207539 ₫",56453239.43,,
2017-08-01,"10,177.21512323 ₫",185363336.3,"8,283.30545668 ₫",39639809.17,,
2017-09-01,"10,177.21512323 ₫",107514439,"8,788.25403877 ₫",40974655.86,,
2017-10-02,"9,181.83879371 ₫",151681170.7,"8,637.84382300 ₫",40563656.41,,
2017-11-01,"10,928.82582076 ₫",195662689.2,"11,108.86879683 ₫",50175998.25,,
2017-12-01,"11,700.75032139 ₫",263016701,"12,913.79138695 ₫",37937765.94,,
2018-01-02,"13,854.01340147 ₫",414517534.6,"17,361.63634113 ₫",47576090.35,,
2018-02-01,"14,991.58634897 ₫",224018948.7,"17,189.73895089 ₫",35459613.02,,
2018-03-01,"15,844.76605976 ₫",359348100.2,"17,168.25177734 ₫",44998534.95,,
2018-04-02,"14,625.93790137 ₫",294568603.9,"15,363.32918723 ₫",51364531.31,,
2018-05-02,"13,000.83368995 ₫",302585714.7,"13,773.27833445 ₫",50645024.61,,
2018-06-01,"11,578.86750577 ₫",249281384.1,"12,247.68900232 ₫",24800769.07,,
2018-07-02,"11,741.37792684 ₫",236257166.1,"12,161.74030812 ₫",40440134.32,,
2018-08-01,"12,838.32326888 ₫",210579450.5,"13,257.58616650 ₫",32359916.72,,
2018-09-04,"13,610.24776951 ₫",174043860.7,"14,826.14984573 ₫",23527545.61,,
2018-10-01,"11,639.80891358 ₫",180203300.2,"11,774.97118147 ₫",20324138,,
2018-11-01,"11,578.86750577 ₫",93130928.88,"11,731.99683437 ₫",14966986.49,,
2018-12-03,"10,827.25680750 ₫",90879689.55,"10,066.74087324 ₫",14924134.69,,
2019-01-02,"10,603.80497862 ₫",78331586.55,"9,755.17685494 ₫",21987183.95,,
2019-02-01,"11,335.10187380 ₫",88645529.62,"12,048.83502951 ₫",30822392.01,,
2019-03-01,"11,050.70863712 ₫",81664321.38,"11,922.00518696 ₫",26134798.66,,
2019-04-01,"10,481.92216301 ₫",58605056.86,"10,759.39829813 ₫",27151067.11,,
2019-05-02,"10,095.95991233 ₫",88393490.72,"10,315.49385012 ₫",28646950.41,,
2019-06-03,"10,075.64610996 ₫",48722585.39,"9,871.58940119 ₫",15233078.81,,
2019-07-01,"9,425.60442569 ₫",72635294.98,"9,026.05711874 ₫",37773127.56,,
2019-08-01,"8,734.93513596 ₫",76129678.13,"8,856.95066170 ₫",53283340.39,,
2019-09-03,"9,344.34921479 ₫",96479811.33,"10,273.21723563 ₫",56378358.55,,
2019-10-01,"8,673.99372742 ₫",120278081.7,"9,639.06802379 ₫",47419474.78,,
2019-11-01,"8,044.26584623 ₫",95274527.45,"9,892.72770798 ₫",64932897.3,,
2019-12-02,"7,333.28275341 ₫",63743876.51,"9,026.05711874 ₫",35603747.72,,
2020-01-02,"7,191.08613470 ₫",71968414.38,"8,138.24822180 ₫",42566334.44,,
2020-02-03,"6,459.78923953 ₫",93695678.78,"7,250.43932486 ₫",62618568.92,,
2020-03-02,"4,712.80221248 ₫",162151126.4,"4,713.84247659 ₫",77078235.56,,
2020-04-01,"6,126.64263125 ₫",161536399.3,"6,975.64133297 ₫",102793287.5,,
2020-05-04,"6,974.94699581 ₫",200728225,"7,948.00345797 ₫",123995333.4,,
2020-06-01,"6,974.94699581 ₫",277749807.9,"7,757.75869415 ₫",141996183.3,,
2020-07-01,"6,385.84674275 ₫",277460258.8,"6,975.64133297 ₫",117522127.4,,
2020-08-03,"7,022.07501581 ₫",187925095.1,"7,842.31192221 ₫",121177552.7,,
2020-09-01,"7,988.19943113 ₫",280888938,"8,878.08896940 ₫",165313161,,
2020-10-01,"8,058.89146115 ₫",295571021.3,"8,751.25912685 ₫",156514212.4,,
2020-11-02,"9,072.14389647 ₫",250855952.3,"10,230.94062114 ₫",145520412.3,,
2020-12-01,"15,599.37470015 ₫",574224416,"13,274.85683962 ₫",295782216.7,,
2021-01-04,"13,572.86982974 ₫",578175952.6,"11,372.40920318 ₫",286713318,"6,268.59066435 ₫",214222895.8
2021-02-01,"15,646.50272039 ₫",446579930.4,"12,323.63302140 ₫",159969961.1,"9,464.34276774 ₫",236582389.3
2021-03-01,"14,963.14642688 ₫",524655062.4,"13,063.47376900 ₫",220037903.9,"8,453.72030769 ₫",647173317.3
2021-04-01,"15,363.73459894 ₫",604180652.1,"12,978.92054002 ₫",197132816.9,"9,314.11510476 ₫",557762054.9
2021-05-04,"20,924.84098752 ₫",646035200.4,"16,593.57104906 ₫",279851580.6,"7,852.80965578 ₫",432149370.6
2021-06-01,"25,920.41113319 ₫",708098091.7,"21,603.34982432 ₫",343415341.5,"7,716.23905306 ₫",422286706.3
2021-07-01,"25,731.89905222 ₫",632979061,"20,229.35986488 ₫",295002527,"6,063.73476029 ₫",285808967.9
2021-08-02,"29,125.11650965 ₫",813966733.7,"23,083.03131953 ₫",358051329.9,"7,511.38314900 ₫",407251259.8
2021-09-01,"27,964.68090256 ₫",332958680.4,"21,983.83935198 ₫",216391453.6,"8,185.31131084 ₫",174771631.1
2021-10-01,"27,861.49019813 ₫",315464220.1,"21,180.14061936 ₫",163988882.1,"10,151.61514529 ₫",177595969.3
2021-11-01,"38,455.73585370 ₫",783341705,"27,168.24320292 ₫",247438558,"16,713.58259279 ₫",452013760.5
2021-12-01,"35,635.18993241 ₫",606417558.1,"25,227.65440232 ₫",177161552.3,"15,090.23872947 ₫",370513502.2
2022-01-04,"30,991.60823273 ₫",373902283.3,"20,597.96397863 ₫",111856515.5,"11,797.82300668 ₫",244901394
2022-02-07,"31,438.76795195 ₫",196810169.2,"20,875.19095067 ₫",101494253.6,"13,629.07779701 ₫",143653936.4
2022-03-01,"28,893.39724250 ₫",331487269.5,"18,906.87945341 ₫",154620743.1,"13,420.77311453 ₫",182530894.4
2022-04-01,"23,080.32089251 ₫",274210308,"14,720.75218444 ₫",134306529,"9,224.92165300 ₫",207647156.5
2022-05-04,"20,397.36257714 ₫",534790632.6,"13,168.28114432 ₫",162029122.3,"7,796.54668738 ₫",213583244.8
2022-06-01,"13,760.37084783 ₫",502992047.5,"11,199.96964707 ₫",158040328.2,"5,326.64830932 ₫",257924374.8
2022-07-01,"15,626.80412772 ₫",533317263,"14,471.24790997 ₫",271435679.1,"6,606.23421602 ₫",239680425.8
2022-08-01,"17,566.43086957 ₫",654787172.5,"14,471.24790997 ₫",361188128.9,"8,579.77435279 ₫",394205420.7
2022-09-05,"14,492.30546739 ₫",468581334.8,"13,584.12160146 ₫",245742479.6,"6,182.48446010 ₫",232778839.8
2022-10-03,"11,930.53429892 ₫",517340469.9,"11,366.30582974 ₫",177230383.4,"4,731.49320926 ₫",334047125.3
2022-11-01,"14,089.74142663 ₫",665429243.2,"12,170.26404645 ₫",307831309.7,"4,958.60488331 ₫",454462691.8
2022-12-01,"12,955.24276631 ₫",709492468.5,"11,089.07885770 ₫",287745965.4,"4,100.62744802 ₫",802166621
2023-01-03,"15,809.78778261 ₫",335902952.8,"13,972.23936103 ₫",135194256.2,"4,983.83951375 ₫",327397663.2
2023-02-01,"13,357.80680707 ₫",377493416.2,"12,586.10450359 ₫",190998342,"4,144.78805131 ₫",311745877
2023-03-01,"15,736.59432066 ₫",557881522.6,"14,138.57554370 ₫",217720486.9,"4,857.66636151 ₫",269806368.4
2023-04-03,"15,773.19105163 ₫",561222494.5,"13,833.62587593 ₫",223727479.5,"5,009.07414420 ₫",406756739.3
2023-05-04,"16,944.28644294 ₫",515952777.6,"15,025.70185313 ₫",183705945.8,"7,137.79013821 ₫",667503384.2
2023-06-01,"18,883.91318479 ₫",635483079.5,"15,607.87849294 ₫",272537915.9,"8,227.12203764 ₫",644483478.9
2023-07-03,"21,701.86147011 ₫",532109187.9,"17,077.18144126 ₫",211089098.8,"11,959.79777694 ₫",608204763.9
2023-08-01,"24,446.61629348 ₫",863067156.7,"18,130.64393336 ₫",260006055.1,"15,083.05706901 ₫",978339874.3
2023-09-05,"23,275.52090218 ₫",825710907.6,"16,938.56795616 ₫",285513865.2,"11,997.88630489 ₫",940933188.5
2023-10-02,"18,847.31645381 ₫",769869857.1,"13,528.67620724 ₫",202004849.6,"9,179.33523644 ₫",846031121
2023-11-01,"22,909.55359240 ₫",725794609,"16,217.77783033 ₫",217217655.7,"12,493.03716827 ₫",1176709430
2023-12-01,"24,007.45552174 ₫",542780177.9,"18,962.32484764 ₫",306747000,"13,026.27655960 ₫",728640131.1
2024-01-02,"25,178.55091305 ₫",665098885.9,"21,151.21350000 ₫",205623942.1,"13,292.89625526 ₫",731916183.1
2024-02-01,"27,081.58092392 ₫",504413223.7,"22,308.54405000 ₫",187680900.7,"13,940.40123045 ₫",575694892.4
2024-03-01,"28,179.48285327 ₫",783155198.1,"23,545.69050000 ₫",252983553.4,"15,654.38498829 ₫",1043371643
2024-04-01,"25,764.09860870 ₫",530848028.8,"21,590.20095000 ₫",182952018.3,"12,835.83391984 ₫",797889066.2
2024-05-02,"25,398.13129892 ₫",450877231.6,"23,026.88715000 ₫",213888210.2,"13,711.87006274 ₫",592779931.8
2024-06-03,"24,849.18033424 ₫",364713586.2,"20,911.76580000 ₫",203387833.8,"12,493.03716827 ₫",481352939.7
2024-07-01,"23,275.52090218 ₫",301105784.7,"20,233.33065000 ₫",136192036.9,"10,714.28625000 ₫",479465850.9
2024-08-01,"24,666.19667935 ₫",484689507.1,"23,386.05870000 ₫",262850384.4,"11,571.42915000 ₫",615534119.2
2024-09-04,"25,412.77080000 ₫",367963229,"24,703.02105000 ₫",281803375,"11,428.57200000 ₫",404954739.8
2024-10-01,"24,228.66320000 ₫",275655649.9,"22,986.97920000 ₫",265375821.1,"10,428.57195000 ₫",545459543
2024-11-01,"22,361.41660000 ₫",274441514.1,"22,468.17585000 ₫",183217880.1,"9,571.42905000 ₫",399975466.8
2024-12-02,"23,727.69460000 ₫",375580446.7,"23,465.87460000 ₫",208886449.9,"9,380.95285000 ₫",372221936.4
2025-01-02,"22,999.01300000 ₫",226213538.5,"23,346.15075000 ₫",132310730.1,"9,419.04809000 ₫",237845022.1
2025-02-03,"23,955.40760000 ₫",358858959.5,"24,862.65285000 ₫",247782960.5,"10,904.76245000 ₫",677567276.1
2025-03-03,"23,682.15200000 ₫",646566946.1,"24,423.66540000 ₫",278049862.2,"11,666.66725000 ₫",1113808024
2025-04-01,"20,904.05340000 ₫",680370801.2,"20,073.69885000 ₫",361346799.3,"11,380.95295000 ₫",1055424457
2025-05-05,"21,359.47940000 ₫",471329553,"20,432.87040000 ₫",263752256.1,"13,000.00065000 ₫",1062091252
2025-06-02,"22,498.04440000 ₫",547373420.7,"21,400.00000000 ₫",263953937.4,"12,750.00000000 ₫",754776560.1
2025-07-01,"31,151.13840000 ₫",1341326162,"25,900.00000000 ₫",457864674,"27,300.00000000 ₫",1534869604
2025-08-01,"38,437.95440000 ₫",1466666937,"29,100.00000000 ₫",426734400,"37,700.00000000 ₫",1038580006
2025-09-03,"35,113.34460000 ₫",929793067.4,"26,700.00000000 ₫",223559055,"36,100.00000000 ₫",755932610
2025-10-01,"31,242.22360000 ₫",1072543938,"23,300.00000000 ₫",251442323,"28,000.00000000 ₫",1000083499
2025-11-03,"29,875.94560000 ₫",656600908.8,"22,150.00000000 ₫",170339745,"24,500.00000000 ₫",1008033924
2025-12-01,"30,250.00000000 ₫",594753997,"22,400.00000000 ₫",190110906,"22,500.00000000 ₫",850632364
2026-01-05,"32,750.00000000 ₫",421333142,"25,900.00000000 ₫",246414471,"26,000.00000000 ₫",689661447