time,HPG_price_close,HPG_volume,HT1_price close,HT1_Volume,VCS_price close,VCS_Volume
2007-12-03,,,,,"4,962.22481121 ₫",1527897.58
2008-01-01,,,,,"4,516.79827232 ₫",3613386.607
2008-02-01,,,,,"3,180.51865565 ₫",2703672.582
2008-03-03,,,,,"2,349.31232822 ₫",2543463.693
2008-04-01,,,,,"2,365.66708235 ₫",1598763.129
2008-05-01,,,,,"1,496.94102486 ₫",1574958.516
2008-06-02,,,,,"1,697.04625184 ₫",1927697.42
2008-07-01,,,,,"2,862.08197234 ₫",9934868.14
2008-08-01,,,,,"3,448.92903222 ₫",24918919.67
2008-09-01,,,,,"2,965.98276327 ₫",15361327.43
2008-10-01,,,,,"2,110.72532683 ₫",13956919.28
2008-11-03,,,,,"1,947.17778555 ₫",4607705.462
2008-12-01,,,,,"1,925.05076526 ₫",2772645.128
2009-01-01,,,,,"2,035.68586672 ₫",2761987.481
2009-02-02,,,,,"1,666.26083230 ₫",1523287.137
2009-03-02,,,,,"2,191.53705311 ₫",3916983.473
2009-04-01,,,,,"2,406.07294549 ₫",12462307.34
2009-05-01,,,,,"2,941.93165426 ₫",10106787.23
2009-06-01,,,,,"4,065.59946727 ₫",25057945.33
2009-07-01,,,,,"4,073.29582215 ₫",7004167.264
2009-08-03,,,,,"4,973.76934354 ₫",6150074.71
2009-09-01,,,,,"4,751.53709627 ₫",5661403.78
2009-10-01,,,,,"5,188.30523592 ₫",16693937.54
2009-11-02,,,,,"4,434.06245732 ₫",4274012.65
2009-12-01,,,,,"4,973.76934354 ₫",4130948.846
2010-01-01,,,,,"5,300.86442609 ₫",2150095.26
2010-02-01,,,,,"5,141.16506225 ₫",574320.3123
2010-03-01,,,,,"4,609.15453092 ₫",598381.0612
2010-04-01,,,,,"5,008.40294051 ₫",684086.4736
2010-05-03,,,,,"4,343.63028744 ₫",994987.209
2010-06-01,,,,,"4,210.86816570 ₫",292442.9553
2010-07-01,,,,,"3,944.38187785 ₫",1742847.474
2010-08-02,,,,,"3,811.61975611 ₫",1309421.817
2010-09-01,,,,,"3,998.25636204 ₫",1281102.812
2010-10-01,,,,,"4,112.73964093 ₫",232959.4371
2010-11-01,,,,,"3,345.02824129 ₫",415664.246
2010-12-01,,,,,"3,024.66746926 ₫",1176283.271
2011-01-03,,,,,"3,298.85011199 ₫",177722.1688
2011-02-01,,,,,"3,235.35518420 ₫",200382.1755
2011-03-01,,,,,"3,163.20185717 ₫",311545.0769
2011-04-01,,,,,"2,712.00305211 ₫",58186.83117
2011-05-02,,,,,"2,299.28602148 ₫",334493.2363
2011-06-01,,,,,"3,438.34654425 ₫",395349.4819
2011-07-01,,,,,"2,308.90646508 ₫",962718.1107
2011-08-01,,,,,"2,387.79410264 ₫",1109912.104
2011-09-01,,,,,"2,348.35028386 ₫",842306.3087
2011-10-03,,,,,"2,063.58515317 ₫",260894.2388
2011-11-01,,,,,"1,847.12517207 ₫",347199.9692
2011-12-01,,,,,"1,793.25068788 ₫",799699.733
2012-01-02,875.78486935 ₫,42534940.95,"2,666.6656 ₫",742068,"2,195.38523055 ₫",104683.4681
2012-02-01,"1,197.07872636 ₫",237772256.3,"3,083.3321 ₫",4200276,"2,305.05828764 ₫",4799835.265
2012-03-01,"1,197.07872636 ₫",338060385.4,"3,833.3318 ₫",18550200,"2,660.05265665 ₫",15296497.08
2012-04-02,"1,347.36133718 ₫",363426862.2,"4,666.6648 ₫",13040196,"2,679.29354386 ₫",2364404.816
2012-05-01,"1,243.71815728 ₫",259432123,"5,249.9979 ₫",15130309,"2,482.07444997 ₫",8256490.826
2012-06-01,"1,243.71815728 ₫",177747537.7,"4,416.6649 ₫",3260184,"2,560.96208752 ₫",2089082.932
2012-07-02,"1,191.89656695 ₫",117013832.9,"3,916.6651 ₫",1921452,"2,167.48594410 ₫",1578076.168
2012-08-01,"1,119.34634125 ₫",60888948.88,"3,916.6651 ₫",1603608,"2,265.61446886 ₫",1397280.37
2012-09-03,"1,000.15668463 ₫",102746365.9,"3,666.6652 ₫",649920,"1,753.80686910 ₫",460748.1344
2012-10-01,963.88157178 ₫,67272667.9,"3,083.3321 ₫",407376,"1,812.49157509 ₫",237613.9033
2012-11-01,943.15293565 ₫,38937599.31,"3,249.9987 ₫",389148,"1,773.04775631 ₫",1523951.489
2012-12-03,"1,088.25338781 ₫",125278309,"3,416.6653 ₫",609012,"2,028.95155619 ₫",4745310.374
2013-01-01,"1,290.35758819 ₫",481030662,"3,916.6651 ₫",3005796,"1,910.62009986 ₫",601934.9443
2013-02-01,"1,254.08247534 ₫",377511406,"4,166.6650 ₫",2409168,"1,832.69450666 ₫",312917.8042
2013-03-01,"1,347.36133718 ₫",330629424.4,"4,166.6650 ₫",666060,"1,773.04775631 ₫",123885.6427
2013-04-01,"1,425.09372153 ₫",280819625.9,"3,999.9984 ₫",537612,"1,575.82866242 ₫",140342.3625
2013-05-01,"1,699.74814838 ₫",266109613.8,"4,666.6648 ₫",1455624,"1,635.47541277 ₫",900785.2947
2013-06-03,"1,461.36883438 ₫",365070346.3,"4,166.6650 ₫",1234296,"1,694.16011876 ₫",358782.1061
2013-07-01,"1,570.19417370 ₫",243781496.1,"4,166.6650 ₫",1394148,"1,615.27248120 ₫",29767.7729
2013-08-01,"1,616.83360461 ₫",192733277.1,"3,999.9984 ₫",369576,"1,556.58777521 ₫",66247.10203
2013-09-02,"1,818.93780500 ₫",175407747.3,"4,166.6650 ₫",508572,"1,773.04775631 ₫",155650.4738
2013-10-01,"1,927.76314355 ₫",232272498.9,"4,166.6650 ₫",851724,"1,832.69450666 ₫",216618.7787
2013-11-01,"2,088.41007243 ₫",129359893.3,"4,416.6649 ₫",2613888,"2,363.74299363 ₫",1616356.451
2013-12-02,"2,129.86734394 ₫",187724515.6,"4,166.6650 ₫",1044492,"2,660.05265665 ₫",8224489.87
2014-01-01,"2,363.06449852 ₫",231628701,"5,499.9978 ₫",2292072,"3,132.41643763 ₫",24335702.64
2014-02-03,"2,508.16495069 ₫",215878771.6,"8,333.3300 ₫",8310120,"3,388.32023751 ₫",18256545.51
2014-03-03,"2,746.54426392 ₫",450531021.4,"9,916.6627 ₫",26099297,"3,743.31460652 ₫",25245888.92
2014-04-01,"2,961.86371020 ₫",281723217.3,"8,333.3300 ₫",21362940,"2,955.40027531 ₫",11386989.57
2014-05-01,"3,039.33700629 ₫",246581547.3,"9,416.6629 ₫",19535484,"2,639.84972508 ₫",15796994.28
2014-06-02,"3,218.12153629 ₫",203131358,"11,499.9954 ₫",30216255,"2,758.18118142 ₫",17501365.36
2014-07-01,"3,426.70348746 ₫",393285923.1,"11,666.6620 ₫",34312443,"3,057.37697752 ₫",7390391.911
2014-08-01,"3,456.50090938 ₫",340772408.4,"13,666.6612 ₫",23076145,"6,317.74531509 ₫",25211418.65
2014-09-01,"3,426.70348746 ₫",346414658.6,"12,416.6617 ₫",18074148,"6,297.54238352 ₫",20731340.81
2014-10-01,"3,277.71637937 ₫",272457196.4,"14,499.9942 ₫",15425712,"5,829.02677998 ₫",17605624.61
2014-11-03,"3,188.32411437 ₫",288436044.5,"13,416.6613 ₫",6067716,"5,645.27630713 ₫",7913833.264
2014-12-01,"3,158.52669321 ₫",210288959.8,"14,499.9942 ₫",5190672,"5,941.58597015 ₫",12782717.12
2015-01-01,"2,848.63350812 ₫",149157088.3,"15,499.9938 ₫",15540852,"6,841.09744717 ₫",8143206.801
2015-02-02,"2,806.91711804 ₫",169938860.8,"16,249.9935 ₫",6069972,"7,257.66265525 ₫",4844290.821
2015-03-02,"2,628.13258803 ₫",363141234.9,"17,249.9931 ₫",11685648,"6,709.29736979 ₫",5369477.099
2015-04-01,"2,622.17310395 ₫",283539308.9,"17,749.9929 ₫",6216972,"6,621.75133299 ₫",4423423.818
2015-05-01,"2,853.40509008 ₫",164273158.1,"17,583.3263 ₫",8949480,"6,577.49729241 ₫",6105947.328
2015-06-01,"3,100.12808709 ₫",417842923.3,"18,999.9924 ₫",6599076,"7,764.66003321 ₫",12741775.42
2015-07-01,"3,486.30321159 ₫",452429828.2,"18,249.9927 ₫",7569084,"8,961.44321761 ₫",12585244.48
2015-08-03,"3,336.12399685 ₫",409154397.9,"18,583.3259 ₫",4598748,"8,092.71716012 ₫",14171693.09
2015-09-01,"3,261.03438909 ₫",190232692,"18,333.3260 ₫",1415496,"9,429.95882115 ₫",5666030.232
2015-10-01,"3,379.03234359 ₫",303433237.6,"21,499.9914 ₫",4828488,"14,497.04646765 ₫",11114769.33
2015-11-02,"3,271.76147559 ₫",251172367.2,"21,583.3247 ₫",2196588,"16,678.96307715 ₫",12111729.58
2015-12-01,"3,132.30934734 ₫",283950653.1,"22,333.3244 ₫",2144616,"17,847.84697510 ₫",9242965.525
2016-01-01,"2,949.94887158 ₫",265849816.3,"21,416.6581 ₫",2528412,"15,749.62822495 ₫",4565863.292
2016-02-01,"2,992.85721833 ₫",117795691.1,"22,333.3244 ₫",976080,"18,571.30433416 ₫",5151057.366
2016-03-01,"3,164.49060759 ₫",476570638.4,"21,499.9914 ₫",3893604,"21,948.08003935 ₫",8372768.438
2016-04-01,"3,593.57407960 ₫",548671409.8,"22,916.6575 ₫",3133878,"25,324.85574453 ₫",6556185.894
2016-05-02,"3,625.75533985 ₫",636104355,"24,583.3235 ₫",813276,"28,185.97567251 ₫",6183736.73
2016-06-01,"4,247.92637487 ₫",947994585.7,"24,333.3236 ₫",1452799,"31,966.81000909 ₫",6174735.054
2016-07-01,"4,773.55362838 ₫",955084951.9,"25,333.3232 ₫",2515212,"32,274.66420443 ₫",5944114.418
2016-08-01,"5,279.87344529 ₫",845334752.5,"22,749.9909 ₫",2740392,"37,653.45422372 ₫",5658535.467
2016-09-01,"5,637.62188005 ₫",715324056.1,"23,333.3240 ₫",3530052,"46,105.97597465 ₫",3962195.412
2016-10-03,"5,026.98231070 ₫",836147381.3,"21,900.0000 ₫",7504277,"46,549.47842482 ₫",3937201.71
2016-11-01,"5,150.34384027 ₫",646677139.5,"21,900.0000 ₫",4285940,"42,318.40732755 ₫",3335413.261
2016-12-01,"5,323.04998106 ₫",438669459.7,"20,500.0000 ₫",2860520,"45,280.54191338 ₫",3602457.769
2017-01-02,"5,218.19268089 ₫",264479469.6,"20,000.0000 ₫",2310730,"45,492.19167268 ₫",1544698.775
2017-02-01,"4,934.46116372 ₫",726046817.8,"18,800.0000 ₫",6381854,"53,955.29591157 ₫",3278529.446
2017-03-01,"5,653.03924483 ₫",650379582.3,"22,400.0000 ₫",10605970,"59,597.68608562 ₫",4276623.746
2017-04-03,"5,440.24071320 ₫",449936559.9,"22,100.0000 ₫",7089070,"54,837.49059011 ₫",3890890.275
2017-05-01,"5,625.28291475 ₫",405414808.9,"20,000.0000 ₫",9432470,"58,187.32905320 ₫",3093396.839
2017-06-01,"6,324.78980362 ₫",591251027.5,"22,600.0000 ₫",18256430,"65,381.49678066 ₫",3847483.557
2017-07-03,"6,384.08470773 ₫",516315865,"18,850.0000 ₫",16493030,"80,804.02992306 ₫",4109514.268
2017-08-01,"6,927.62133162 ₫",429051453.7,"14,750.0000 ₫",18633310,"84,843.65419260 ₫",4366588.277
2017-09-01,"7,688.57260493 ₫",417602228.9,"14,700.0000 ₫",16639305,"96,773.96630656 ₫",3517615.713
2017-10-02,"7,313.03821022 ₫",426855300.6,"13,000.0000 ₫",7112680,"103,096.52184345 ₫",5196418.071
2017-11-01,"8,143.16687152 ₫",526619745.3,"16,500.0000 ₫",11997940,"110,273.37277242 ₫",3877860.009
2017-12-01,"9,259.88757175 ₫",543683671.9,"15,550.0000 ₫",12902940,"110,273.37277242 ₫",4830910.785
2018-01-02,"12,313.57514885 ₫",601548985,"16,200.0000 ₫",12889870,"106,470.41141555 ₫",3008968.271
2018-02-01,"13,044.87896972 ₫",598243885.1,"15,750.0000 ₫",2741550,"101,669.81005690 ₫",1897728.711
2018-03-01,"11,938.04075415 ₫",684685387.6,"14,750.0000 ₫",6213774,"124,295.16932600 ₫",4135786.788
2018-04-02,"10,633.55285695 ₫",448888226.3,"13,200.0000 ₫",4889994,"104,569.54972000 ₫",4002725
2018-05-02,"11,088.14712430 ₫",524781191.3,"12,050.0000 ₫",4383770,"89,739.68630500 ₫",3608250
2018-06-01,"10,625.64261954 ₫",533570801.2,"11,500.0000 ₫",3421300,"74,434.50675500 ₫",4066691
2018-07-02,"10,335.09770433 ₫",460499766.4,"12,000.0000 ₫",3012700,"84,606.27204600 ₫",5202729
2018-08-01,"11,054.54225620 ₫",494100688,"12,750.0000 ₫",6932510,"86,032.22045100 ₫",3337001
2018-09-04,"11,704.80944810 ₫",423075947.9,"15,000.0000 ₫",9723620,"91,260.69793700 ₫",5366513
2018-10-01,"11,137.55508922 ₫",562657176.5,"12,150.0000 ₫",10200362,"69,586.28217700 ₫",10907684
2018-11-01,"9,186.75351505 ₫",334421817.4,"13,300.0000 ₫",5094850,"69,206.02926900 ₫",7424779
2018-12-03,"8,564.15726774 ₫",426403403.2,"13,650.0000 ₫",5555790,"64,262.74146400 ₫",4703770
2019-01-02,"7,664.85157677 ₫",286421907.8,"15,600.0000 ₫",5140070,"57,988.56848100 ₫",4986994
2019-02-01,"9,297.43729191 ₫",421551071.2,"15,800.0000 ₫",16112154,"63,692.36210200 ₫",2508839
2019-03-01,"8,910.04407138 ₫",424321250.8,"15,200.0000 ₫",5238990,"60,365.14915700 ₫",2365416
2019-04-01,"9,297.43729191 ₫",208246560.5,"16,100.0000 ₫",3358210,"60,935.52851900 ₫",2817546
2019-05-02,"8,882.37312754 ₫",258296982.2,"16,400.0000 ₫",8404470,"61,030.59174600 ₫",2393243
2019-06-03,"8,453.47095452 ₫",313357006.2,"16,000.0000 ₫",2261730,"57,132.99943800 ₫",3164947
2019-07-01,"8,111.73489432 ₫",427494677.8,"15,800.0000 ₫",2848680,"72,628.30544200 ₫",8506598
2019-08-01,"7,985.83213573 ₫",375480249.2,"15,300.0000 ₫",2089660,"85,081.58818100 ₫",10372303
2019-09-03,"7,895.90159345 ₫",283702702.7,"15,100.0000 ₫",1216310,"97,629.93414800 ₫",8076963
2019-10-01,"7,841.94326824 ₫",298242413.5,"16,950.0000 ₫",5404194,"83,325.23340000 ₫",8309614
2019-11-01,"8,219.65154475 ₫",425827015.2,"14,700.0000 ₫",5562132,"78,087.09300000 ₫",5924158
2019-12-02,"8,453.47095452 ₫",417172143.2,"14,950.0000 ₫",2331470,"67,998.82260000 ₫",5306144
2020-01-02,"8,669.30425538 ₫",358422708.8,"14,700.0000 ₫",1322170,"63,536.70300000 ₫",4390290
2020-02-03,"8,039.79046095 ₫",431197684.3,"14,400.0000 ₫",1043510,"65,088.74460000 ₫",6013406
2020-03-02,"6,061.31853536 ₫",588807252.6,"10,000.0000 ₫",2201890,"51,411.37800000 ₫",8968802
2020-04-01,"7,734.02661781 ₫",449317180.7,"12,900.0000 ₫",2297430,"60,432.61980000 ₫",12728051
2020-05-04,"9,856.38741013 ₫",660080587.4,"14,750.0000 ₫",6166330,"64,991.74200000 ₫",8382236
2020-06-01,"9,640.55410927 ₫",799143993.9,"13,400.0000 ₫",5953320,"59,365.59120000 ₫",5720500
2020-07-01,"9,367.16900868 ₫",791336988.2,"12,550.0000 ₫",5573700,"54,515.46120000 ₫",3393198
2020-08-03,"10,597.41931587 ₫",599273589.5,"15,550.0000 ₫",19064256,"61,596.65100000 ₫",3117072
2020-09-01,"11,396.00284937 ₫",706942835,"15,600.0000 ₫",23395190,"71,005.90320000 ₫",8139627
2020-10-01,"13,187.41996335 ₫",931177259.2,"15,100.0000 ₫",30267630,"70,132.87980000 ₫",8238709
2020-11-02,"15,324.17049765 ₫",1120890806,"15,650.0000 ₫",21494040,"77,117.06700000 ₫",5804659
2020-12-01,"17,892.58780625 ₫",1146378348,"17,450.0000 ₫",33202800,"84,586.26720000 ₫",7878615.625
2021-01-04,"16,899.75422473 ₫",1140478524,"16,750.0000 ₫",28804000,"75,000.00000000 ₫",6623647.86
2021-02-01,"19,684.00492075 ₫",908294905,"17,500.0000 ₫",13325600,"86,200.00000000 ₫",3911644
2021-03-01,"20,202.00505025 ₫",980192755,"18,350.0000 ₫",40484570,"97,200.00000000 ₫",7475738
2021-04-01,"25,079.83960298 ₫",1147360949,"16,350.0000 ₫",21984200,"90,000.00000000 ₫",4855266
2021-05-04,"30,710.92192890 ₫",1366429605,"15,300.0000 ₫",24579800,"96,000.00000000 ₫",5089808
2021-06-01,"30,011.62199883 ₫",1099117539,"16,000.0000 ₫",19843900,"108,800.00000000 ₫",10105048
2021-07-01,"27,564.07224359 ₫",1247469031,"15,600.0000 ₫",9914100,"118,700.00000000 ₫",7986865
2021-08-02,"28,729.57212704 ₫",1015488024,"21,500.0000 ₫",68145730,"121,500.00000000 ₫",9614459
2021-09-01,"30,827.47191725 ₫",941995280.8,"23,200.0000 ₫",86917296,"128,900.00000000 ₫",6965003
2021-10-01,"33,275.02167249 ₫",999563300.3,"24,750.0000 ₫",92083118,"128,300.00000000 ₫",5304974
2021-11-01,"28,525.60964744 ₫",1179875550,"26,700.0000 ₫",89504700,"120,900.00000000 ₫",4711031
2021-12-01,"27,039.59729604 ₫",749528081.8,"22,350.0000 ₫",62929800,"117,000.00000000 ₫",2106296
2022-01-04,"24,592.04754079 ₫",608798516.5,"18,900.0000 ₫",33892600,"104,200.00000000 ₫",1516266
2022-02-07,"27,505.79724942 ₫",566722870.9,"22,750.0000 ₫",17096600,"107,400.00000000 ₫",1280091
2022-03-01,"26,282.02237179 ₫",1046127581,"23,900.0000 ₫",65509600,"117,500.00000000 ₫",3805613
2022-04-01,"25,233.07247669 ₫",623606147.3,"18,850.0000 ₫",52795600,"102,200.00000000 ₫",3258656
2022-05-04,"20,221.42297786 ₫",753892724,"17,050.0000 ₫",25913100,"93,000.00000000 ₫",1894084
2022-06-01,"16,893.91574243 ₫",790398322.9,"15,500.0000 ₫",21430700,"74,400.00000000 ₫",2418472
2022-07-01,"16,287.85598486 ₫",547537805.4,"16,150.0000 ₫",13157800,"72,900.00000000 ₫",1223579
2022-08-01,"17,424.21803031 ₫",942796287.8,"15,950.0000 ₫",19022204,"76,200.00000000 ₫",4300634
2022-09-05,"16,060.58357576 ₫",516280178.8,"13,800.0000 ₫",9293300,"65,600.00000000 ₫",1721310
2022-10-03,"11,856.04400758 ₫",830272516.4,"10,000.0000 ₫",8791000,"50,700.00000000 ₫",2360621
2022-11-01,"13,939.37442425 ₫",1436978168,"10,200.0000 ₫",15832800,"52,600.00000000 ₫",4498899
2022-12-01,"13,636.34454546 ₫",1031563994,"10,350.0000 ₫",10979800,"56,200.00000000 ₫",2968971
2023-01-03,"16,742.40080304 ₫",581641680.7,"14,350.0000 ₫",18105800,"55,600.00000000 ₫",1603832
2023-02-01,"15,151.49393940 ₫",664048709.7,"14,000.0000 ₫",24740100,"50,000.00000000 ₫",2229567
2023-03-01,"15,757.55369698 ₫",633287254.6,"15,100.0000 ₫",29556000,"50,400.00000000 ₫",2051426
2023-04-03,"16,401.49218940 ₫",478379512.2,"13,750.0000 ₫",19161600,"50,400.00000000 ₫",1730085
2023-05-04,"16,060.58357576 ₫",455460479.8,"15,100.0000 ₫",15116000,"56,900.00000000 ₫",3167508
2023-06-01,"19,810.57832577 ₫",770944756.1,"16,200.0000 ₫",28456600,"60,500.00000000 ₫",4556894
2023-07-03,"21,363.60645455 ₫",627206139.4,"16,850.0000 ₫",32334500,"63,100.00000000 ₫",3776925
2023-08-01,"20,909.06163637 ₫",857171463.9,"14,900.0000 ₫",33098800,"67,500.00000000 ₫",4273339
2023-09-05,"19,924.21453031 ₫",815143323.1,"13,650.0000 ₫",24935300,"64,000.00000000 ₫",3161491
2023-10-02,"17,424.21803031 ₫",552867397.3,"11,150.0000 ₫",7554900,"50,300.00000000 ₫",2231024
2023-11-01,"20,113.60820455 ₫",793038894.3,"12,200.0000 ₫",7053700,"57,800.00000000 ₫",1716224
2023-12-01,"21,174.21278031 ₫",760641046.1,"12,000.0000 ₫",6731700,"55,000.00000000 ₫",3228120
2024-01-02,"21,022.69784092 ₫",703631275.1,"12,550.0000 ₫",6553700,"58,900.00000000 ₫",1790616
2024-02-01,"23,484.81560607 ₫",604701479.4,"13,250.0000 ₫",5849500,"64,900.00000000 ₫",3327548
2024-03-01,"22,916.63458334 ₫",802450397.9,"13,350.0000 ₫",6692000,"72,100.00000000 ₫",5826684
2024-04-01,"21,515.12139395 ₫",510917539.3,"11,250.0000 ₫",11575300,"62,900.00000000 ₫",2610957
2024-05-02,"23,833.32380000 ₫",735403390.2,"12,150.0000 ₫",5098400,"69,300.00000000 ₫",6210700
2024-06-03,"23,583.32390000 ₫",596009766.8,"12,800.0000 ₫",9906300,"73,500.00000000 ₫",11325531
2024-07-01,"22,666.65760000 ₫",494990413.2,"12,800.0000 ₫",14657800,"67,300.00000000 ₫",5731053
2024-08-01,"21,249.99150000 ₫",582205142.5,"12,200.0000 ₫",11682900,"67,000.00000000 ₫",4253021
2024-09-04,"21,958.32455000 ₫",523953089.6,"12,000.0000 ₫",7400800,"64,700.00000000 ₫",2246510
2024-10-01,"22,416.65770000 ₫",567504827,"11,650.0000 ₫",10879000,"62,800.00000000 ₫",2927787
2024-11-01,"22,291.65775000 ₫",522777467.1,"11,600.0000 ₫",4418400,"65,800.00000000 ₫",5242778
2024-12-02,"22,208.32445000 ₫",521907753.6,"11,700.0000 ₫",5788200,"63,500.00000000 ₫",5426690
2025-01-02,"22,124.99115000 ₫",272012476.4,"12,500.0000 ₫",10309200,"59,800.00000000 ₫",1769430
2025-02-03,"23,333.32400000 ₫",626360374.5,"12,800.0000 ₫",17212300,"58,700.00000000 ₫",2532001
2025-03-03,"22,291.65775000 ₫",664137533.3,"11,950.0000 ₫",8325900,"58,000.00000000 ₫",3880652
2025-04-01,"21,249.99150000 ₫",888551880.2,"10,800.0000 ₫",9369700,"46,500.00000000 ₫",5385077
2025-05-05,"21,458.32475000 ₫",598067412.4,"11,300.0000 ₫",4901417,"50,100.00000000 ₫",3686931
2025-06-02,"22,700.00000000 ₫",738384410.5,"12,000.0000 ₫",6669536,"48,200.00000000 ₫",3288055
2025-07-01,"24,950.00000000 ₫",1238152876,"14,200.0000 ₫",24061538,"49,000.00000000 ₫",5730013
2025-08-01,"27,500.00000000 ₫",1887944810,"17,900.0000 ₫",35775303,"48,800.00000000 ₫",5232734
2025-09-03,"28,150.00000000 ₫",1556486718,"16,900.0000 ₫",16687243,"48,200.00000000 ₫",3181534
2025-10-01,"26,700.00000000 ₫",1148408625,"16,850.0000 ₫",20325086,"48,000.00000000 ₫",1857714
2025-11-03,"26,550.00000000 ₫",639450814,"15,750.0000 ₫",6254933,"46,800.00000000 ₫",1043493
2025-12-01,"26,400.00000000 ₫",762439890,"16,500.0000 ₫",6006100,"42,800.00000000 ₫",1969732
2026-01-05,"27,700.00000000 ₫",568627977,"17,050.0000 ₫",6300706,"44,200.00000000 ₫",831101