time,VIC_price_close,VIC_volume,KDH_price_close,KDN_Volume,DXG_price close,DXG_Volume,,,,,,,,,,,Mã Cổ Phiếu,time,Price open,Price high,Price low,Price close,Volume
2007-09-03,"3,329.369050 ₫",283812916.5,,,,,,,,,,,,,,,DXG,2012-01-02,"1,623.40023885 ₫","1,758.68359146 ₫","1,555.75856255 ₫","1,600.85301468 ₫",10101109.76
2007-10-01,"3,435.399910 ₫",543393622.5,,,,,,,,,,,,,,,DXG,2012-02-01,"1,578.30578672 ₫","2,029.25030046 ₫","1,510.66411042 ₫","1,984.15584833 ₫",9678388.126
2007-11-01,"3,392.987570 ₫",226442976,,,,,,,,,,,,,,,DXG,2012-03-01,"1,916.51417202 ₫","2,277.26978150 ₫","1,826.32538119 ₫","1,939.06139620 ₫",13915961.38
2007-12-03,"3,286.956705 ₫",192002642.6,,,,,,,,,,,,,,,DXG,2012-04-02,"1,984.15584833 ₫","3,088.96990092 ₫","1,916.51417202 ₫","2,953.68654831 ₫",31975861.44
2008-01-01,"3,165.664575 ₫",141073849.5,,,,,,,,,,,,,,,DXG,2012-05-01,"2,931.13932036 ₫","3,720.29221561 ₫","2,525.28926254 ₫","2,795.85596775 ₫",40568858.38
2008-02-01,"2,950.522325 ₫",58893888.8,,,,,,,,,,,,,,,DXG,2012-06-01,"2,818.40319193 ₫","3,066.42267297 ₫","2,141.98642511 ₫","2,141.98642511 ₫",11023447.63
2008-03-03,"2,627.808945 ₫",71732418.05,,,,,,,,,,,,,,,DXG,2012-07-02,"2,187.08087724 ₫","2,435.10035828 ₫","1,803.77804359 ₫","2,119.43920093 ₫",11152449.75
2008-04-01,"2,873.685805 ₫",53783402.18,,,,,,,,,,,,,,,DXG,2012-08-01,"2,096.89197676 ₫","2,660.57261514 ₫","1,961.60862415 ₫","2,119.43920093 ₫",15086567.49
2008-05-01,"2,243.626350 ₫",70707687.8,,,,,,,,,,,,,,,DXG,2012-09-03,"2,119.43920093 ₫","2,164.53365306 ₫","1,713.58914311 ₫","1,713.58914311 ₫",5664618.901
2008-06-02,"2,873.685805 ₫",73562597.66,,,,,,,,,,,,,,,DXG,2012-10-01,"1,668.49469098 ₫","2,096.89197676 ₫","1,578.30578672 ₫","2,006.70307250 ₫",7642866.731
2008-07-01,"3,257.868400 ₫",75146191.91,,,,,,,,,,,,,,,DXG,2012-11-01,"1,961.60862415 ₫","2,119.43920093 ₫","1,803.77804359 ₫","2,096.89197676 ₫",8170026.934
2008-08-01,"3,288.603005 ₫",71380092.87,,,,,,,,,,,,,,,DXG,2012-12-03,"2,051.79752463 ₫","2,570.38371089 ₫","2,029.25030046 ₫","2,435.10035828 ₫",12339001.06
2008-09-01,"2,919.787715 ₫",57800377.29,,,,,,,,,,,,,,,DXG,2013-01-01,"2,435.10035828 ₫","3,088.96990092 ₫","2,164.53365306 ₫","2,863.49764406 ₫",17446779.83
2008-10-01,"2,197.524440 ₫",59995884.21,,,,,,,,,,,,,,,DXG,2013-02-01,"2,818.40319193 ₫","3,336.98938196 ₫","2,638.02538719 ₫","2,795.85596775 ₫",21523187.36
2008-11-03,"2,489.503210 ₫",29534790.03,,,,,,,,,,,,,,,DXG,2013-03-01,"2,818.40319193 ₫","2,886.04486823 ₫","2,299.81700567 ₫","2,570.38371089 ₫",13594052.15
2008-12-01,"2,443.401300 ₫",20155379.56,,,,,,,,,,,,,,,DXG,2013-04-01,"2,570.38371089 ₫","2,705.66706727 ₫","1,758.68359146 ₫","1,758.68359146 ₫",7276549.377
2009-01-01,"2,458.768600 ₫",4962522.396,,,,,,,,,,,,,,,DXG,2013-05-01,"1,736.13636728 ₫","2,277.26978150 ₫","1,691.04191516 ₫","2,209.62810519 ₫",10417728.76
2009-02-02,"1,306.220820 ₫",7672491.035,,,,,,,,,,,,,,,DXG,2013-06-03,"2,209.62810519 ₫","2,277.26978150 ₫","1,984.15584833 ₫","2,119.43920093 ₫",12203442.03
2009-03-02,"1,235.531225 ₫",210957227.5,,,,,,,,,,,,,,,DXG,2013-07-01,"2,119.43920093 ₫","2,232.17532937 ₫","1,803.77804359 ₫","1,826.32526776 ₫",7879660.388
2009-04-01,"1,229.384300 ₫",151310288,,,,,,,,,,,,,,,DXG,2013-08-01,"1,803.77804359 ₫","2,029.25030046 ₫","1,803.77804359 ₫","1,848.87249572 ₫",7304441.057
2009-05-01,"2,059.218705 ₫",78390060.45,,,,,,,,,,,,,,,DXG,2013-09-02,"1,848.87249572 ₫","2,006.70307250 ₫","1,758.68359146 ₫","1,984.15584833 ₫",6214703.432
2009-06-01,"2,289.728260 ₫",82750681.81,,,,,,,,,,,,,,,DXG,2013-10-01,"1,984.15584833 ₫","2,390.00590615 ₫","1,916.51417202 ₫","2,232.17532937 ₫",25724176.08
2009-07-01,"2,627.647765 ₫",42071312.34,,,,,,,,,,,,,,,DXG,2013-11-01,"2,209.62810519 ₫","2,931.13932036 ₫","2,187.08087724 ₫","2,683.11983932 ₫",78016158.41
2009-08-03,"3,109.784970 ₫",51558560.04,,,,,,,,,,,,,,,DXG,2013-12-02,"2,705.66706727 ₫","3,066.42267297 ₫","2,615.47816301 ₫","2,818.40319193 ₫",150878788.7
2009-09-01,"3,085.678110 ₫",55611297.8,,,,,,,,,,,,,,,DXG,2014-01-01,"2,818.40319193 ₫","2,998.78099666 ₫","2,728.21429145 ₫","2,863.49764406 ₫",87866615.6
2009-10-01,"4,098.166240 ₫",82731411.96,,,,,,,,,,,,,,,DXG,2014-02-03,"2,863.49764406 ₫","3,833.02834404 ₫","2,840.95041988 ₫","3,652.65053931 ₫",203105077.8
2009-11-02,"5,641.005295 ₫",84473473.29,,,,,,,,,,,,,,,DXG,2014-03-03,"3,630.10331135 ₫","3,990.85892083 ₫","3,336.98938196 ₫","3,675.19776348 ₫",139831324
2009-12-01,"4,532.089725 ₫",45626587.67,,,,,,,,,,,,,,,DXG,2014-04-01,"3,652.65053931 ₫","3,787.93389191 ₫","3,246.80047770 ₫","3,585.00886300 ₫",62326157.03
2010-01-01,"4,580.303445 ₫",13678873.57,,,,,,,,,,,,,,,DXG,2014-05-01,"3,539.91441087 ₫","3,585.00886300 ₫","2,750.76151562 ₫","3,246.80047770 ₫",38981739.82
2010-02-01,"4,315.127980 ₫",37198401.48,,,,,,,,,,,,,,,DXG,2014-06-02,"3,201.70602935 ₫","3,472.27273457 ₫","3,134.06434927 ₫","3,359.53660614 ₫",67512718
2010-03-01,"4,315.127980 ₫",48980854.89,,,,,,,,,,,,,,,DXG,2014-07-01,"3,359.53660614 ₫","3,585.00886300 ₫","3,111.51712510 ₫","3,201.70602935 ₫",84201132.24
2010-04-01,"5,448.150410 ₫",56226535.64,,,,,,,,,,,,,,,DXG,2014-08-01,"3,201.70602935 ₫","3,742.83943978 ₫","3,134.06434927 ₫","3,720.29221561 ₫",76185490.6
2010-05-03,"5,598.831815 ₫",45743396.36,,,,,,,,,,,,,,,DXG,2014-09-01,"3,765.38666774 ₫","3,810.48111609 ₫","3,404.63105827 ₫","3,472.27273457 ₫",170681061.9
2010-06-01,"5,940.745210 ₫",43516340.76,,,,,,,,,,,,,,,DXG,2014-10-01,"3,539.91441087 ₫","3,787.93389191 ₫","3,021.32822462 ₫","3,224.25325353 ₫",150621032.9
2010-07-01,"5,812.527685 ₫",28633596.81,,,,,,,,,,,,,,,DXG,2014-11-03,"3,224.25325353 ₫","3,449.72551040 ₫","2,998.78099666 ₫","3,404.63105827 ₫",65046477.53
2010-08-02,"5,385.135945 ₫",27055299.45,,,,,,,,,,,,,,,DXG,2014-12-01,"3,382.08383031 ₫","3,449.72551040 ₫","2,795.85596775 ₫","3,156.61157723 ₫",84302813.93
2010-09-01,"5,214.179250 ₫",55295719.94,,,,,,,,,,,,,,,DXG,2015-01-01,"3,156.61157723 ₫","3,855.57556822 ₫","3,043.87544879 ₫","3,720.29221561 ₫",147263525.3
2010-10-01,"5,769.788510 ₫",36441214.26,,,,,,,,,,,,,,,DXG,2015-02-02,"3,720.29221561 ₫","4,283.97285400 ₫","3,472.27273457 ₫","4,193.78395352 ₫",79696837.03
2010-11-01,"6,923.746215 ₫",42210276.59,,,,,,,,,,,,,,,DXG,2015-03-02,"4,148.68950139 ₫","4,511.47648112 ₫","4,053.09117024 ₫","4,101.34225281 ₫",118735228.4
2010-12-01,"8,334.138960 ₫",58890309.43,,,,,,,,,,,,,,,DXG,2015-04-01,"4,101.34225281 ₫","4,318.47213950 ₫","3,546.45477302 ₫","3,570.58031430 ₫",94703723.39
2011-01-03,"8,077.703915 ₫",34310284.7,,,,,,,,,,,,,,,DXG,2015-05-01,"3,570.58031430 ₫","4,053.09117024 ₫","3,136.32054849 ₫","3,932.46345626 ₫",144072770
2011-02-01,"9,146.183270 ₫",48941420.6,,,,,,,,,,,,,,,DXG,2015-06-01,"3,980.71454261 ₫","4,439.09985348 ₫","3,787.71020099 ₫","4,325.70936746 ₫",123026806.6
2011-03-01,"11,197.663630 ₫",57660486.93,,,,,,,,,,,,,,,DXG,2015-07-01,"4,325.70936746 ₫","5,121.85219583 ₫","4,219.55699035 ₫","4,936.08553588 ₫",158138918.1
2011-04-01,"11,454.098675 ₫",20459148.94,,,,,,,,,,,,,,,DXG,2015-08-03,"4,883.00934732 ₫","5,174.92838439 ₫","3,794.94748188 ₫","4,219.55699035 ₫",149775179.7
2011-05-02,"9,488.096665 ₫",52773088.11,,,,,,,,,,,,,,,DXG,2015-09-01,"4,193.01889607 ₫","4,909.54744160 ₫","4,193.01889607 ₫","4,723.78078165 ₫",113126941.5
2011-06-01,"11,710.533720 ₫",35804899.89,,,,,,,,,,,,,,,DXG,2015-10-01,"4,750.31887593 ₫","5,387.23313862 ₫","4,697.24268737 ₫","5,228.00457295 ₫",133194169.9
2011-07-01,"9,830.010060 ₫",21377839.44,,,,,,,,,,,,,,,DXG,2015-11-02,"5,228.00457295 ₫","5,281.08076150 ₫","4,776.85697020 ₫","4,776.85697020 ₫",99741706.06
2011-08-01,"10,086.445105 ₫",31537600.78,,,,,,,,,,,,,,,DXG,2015-12-01,"4,776.85697020 ₫","5,201.46647867 ₫","4,723.78078165 ₫","5,015.69981871 ₫",69603101.86
2011-09-01,"8,547.834835 ₫",58166967.01,,,,,,,,,,,,,,,DXG,2016-01-01,"4,989.16172444 ₫","5,042.23791299 ₫","4,352.24746174 ₫","4,803.39506448 ₫",67312824.37
2011-10-03,"7,992.225570 ₫",32185380.06,,,,,,,,,,,,,,,DXG,2016-02-01,"4,856.47125304 ₫","4,989.16172444 ₫","4,431.86174458 ₫","4,484.93793314 ₫",50779082.53
2011-11-01,"7,137.442085 ₫",34868859.94,,,,,,,,,,,,,,,DXG,2016-03-01,"4,458.39983886 ₫","4,644.16649881 ₫","4,033.79033039 ₫","4,325.70936746 ₫",121120196.7
2011-12-01,"8,505.095660 ₫",55926126.37,,,,,,,,,,,,,,,DXG,2016-04-01,"4,299.17127318 ₫","4,352.24746174 ₫","3,980.71414184 ₫","4,033.79033039 ₫",38809309.7
2012-01-02,"9,317.122602 ₫",104892196.5,"4,172.58195683 ₫",2773972.845,"1,600.85301468 ₫",10101109.76,,,,,,,,,,,DXG,2016-05-02,"4,060.32842467 ₫","4,139.94270751 ₫","3,715.33319905 ₫","4,060.32842467 ₫",43271610.52
2012-02-01,"8,547.818900 ₫",136026571.6,"4,150.14872094 ₫",32132071.13,"1,984.15584833 ₫",9678388.126,,,,,,,,,,,DXG,2016-06-01,"4,060.32842467 ₫","4,299.17127318 ₫","3,741.87129333 ₫","4,060.32842467 ₫",70378611.96
2012-03-01,"8,205.906144 ₫",152809578.1,"4,217.44842944 ₫",26543212.93,"1,939.06139620 ₫",13915961.38,,,,,,,,,,,DXG,2016-07-01,"4,060.32842467 ₫","4,511.47602742 ₫","4,007.25223612 ₫","4,113.40461323 ₫",65948343.58
2012-04-02,"8,633.297089 ₫",96591424.04,"4,374.48108399 ₫",21232682.5,"2,953.68654831 ₫",31975861.44,,,,,,,,,,,DXG,2016-08-01,"4,033.79033039 ₫","4,139.94270751 ₫","3,821.48557616 ₫","3,954.17604756 ₫",18802537.76
2012-05-01,"8,804.253467 ₫",58686584.95,"3,768.78370334 ₫",17965771.49,"2,795.85596775 ₫",40568858.38,,,,,,,,,,,DXG,2016-09-01,"3,954.17604756 ₫","4,007.25223612 ₫","3,662.25701049 ₫","3,848.02367044 ₫",29165624.01
2012-06-01,"9,154.714042 ₫",78391606.18,"3,768.78370334 ₫",23106137.23,"2,141.98642511 ₫",11023447.63,,,,,,,,,,,DXG,2016-10-03,"3,848.02367044 ₫","5,085.72396369 ₫","3,848.02367044 ₫","4,591.00373607 ₫",48546547.52
2012-07-02,"8,391.821205 ₫",60517279.45,"3,342.55221314 ₫",7151691.47,"2,119.43920093 ₫",11152449.75,,,,,,,,,,,DXG,2016-11-01,"4,591.00373607 ₫","5,699.17705063 ₫","4,432.69326202 ₫","5,402.34491179 ₫",53326442.7
2012-08-01,"7,683.420714 ₫",32843190.8,"2,736.85483167 ₫",8148467.49,"2,119.43920093 ₫",15086567.49,,,,,,,,,,,DXG,2016-12-01,"5,402.34491179 ₫","5,461.71133956 ₫","4,610.79254533 ₫","4,947.20229890 ₫",72515421.49
2012-09-03,"9,045.729351 ₫",94021691.56,"2,804.15454100 ₫",10697420.31,"1,713.58914311 ₫",5664618.901,,,,,,,,,,,DXG,2017-01-02,"4,907.62468039 ₫","5,323.18967477 ₫","4,788.89182863 ₫","5,323.18967477 ₫",55569846.01
2012-10-01,"8,500.805897 ₫",36744124.01,"2,579.82217795 ₫",8832665.483,"2,006.70307250 ₫",7642866.731,,,,,,,,,,,DXG,2017-02-01,"5,342.97848402 ₫","7,005.23845775 ₫","5,303.40086551 ₫","6,530.30703561 ₫",142971707.4
2012-11-01,"8,010.374787 ₫",157853996.2,"2,220.89039624 ₫",8072213.306,"2,096.89197676 ₫",8170026.934,,,,,,,,,,,DXG,2017-03-01,"6,411.57418007 ₫","8,370.66629264 ₫","6,213.68609129 ₫","8,152.98939083 ₫",292118133.1
2012-12-03,"8,718.775278 ₫",80289166.5,"2,220.89017393 ₫",7950639.79,"2,435.10035828 ₫",12339001.06,,,,,,,,,,,DXG,2017-04-03,"8,152.98939083 ₫","9,261.16270539 ₫","7,678.05796868 ₫","8,568.55438520 ₫",213957903
2013-01-01,"9,602.913584 ₫",50764735.15,"2,072.83082944 ₫",49001052.86,"2,863.49764406 ₫",17446779.83,,,,,,,,,,,DXG,2017-05-01,"8,390.45510190 ₫","9,950.79992203 ₫","7,558.13566904 ₫","7,669.94241242 ₫",261387795.7
2013-02-01,"9,675.115942 ₫",28687572,"2,048.15427161 ₫",25301463.99,"2,795.85596775 ₫",21523187.36,,,,,,,,,,,DXG,2017-06-01,"7,781.74915201 ₫","8,206.61476473 ₫","7,423.96758002 ₫","7,737.02645693 ₫",216636512.7
2013-03-01,"9,169.699438 ₫",95781990,"1,974.12459978 ₫",18163553.21,"2,570.38371089 ₫",13594052.15,,,,,,,,,,,DXG,2017-07-03,"7,737.02645693 ₫","8,564.39633672 ₫","7,021.46331673 ₫","8,542.03498729 ₫",217386970.1
2013-04-01,"8,953.092364 ₫",58697424,"2,023.47771461 ₫",13023404.06,"1,758.68359146 ₫",7276549.377,,,,,,,,,,,DXG,2017-08-01,"8,497.31229221 ₫","9,436.48891537 ₫","8,005.36263498 ₫","9,123.43003846 ₫",234677818.5
2013-05-01,"9,819.520658 ₫",97671442,"2,665.06820905 ₫",32419165.36,"2,209.62810519 ₫",10417728.76,,,,,,,,,,,DXG,2017-09-01,"9,123.43003846 ₫","9,749.54778850 ₫","8,631.48038123 ₫","9,391.76621651 ₫",157792300.3
2013-06-03,"9,025.294722 ₫",190968428,"2,393.62607707 ₫",12540896.08,"2,119.43920093 ₫",12203442.03,,,,,,,,,,,DXG,2017-10-02,"9,302.32082635 ₫","9,593.01835004 ₫","8,029.95971404 ₫","8,382.15092977 ₫",195404446.8
2013-07-01,"9,097.497080 ₫",385517178,"2,270.24328959 ₫",9025135.305,"1,826.32526776 ₫",7879660.388,,,,,,,,,,,DXG,2017-11-01,"8,452.58917367 ₫","9,532.64223548 ₫","7,724.72732758 ₫","9,250.88926366 ₫",168437056.3
2013-08-01,"9,025.294722 ₫",72896440,"2,442.97919190 ₫",18715153.38,"1,848.87249572 ₫",7304441.057,,,,,,,,,,,DXG,2017-12-01,"9,274.36867451 ₫","10,283.98349243 ₫","8,569.98624684 ₫","10,119.62759377 ₫",207658545.6
2013-09-02,"9,025.294722 ₫",78030666,"2,467.65574890 ₫",4500686.06,"1,984.15584833 ₫",6214703.432,,,,,,,,,,,DXG,2018-01-02,"10,330.94232169 ₫","15,073.78402480 ₫","10,119.62759377 ₫","14,322.44276408 ₫",248878948.5
2013-10-01,"9,747.318300 ₫",45571410,"2,640.39165205 ₫",3565177.167,"2,232.17532937 ₫",25724176.08,,,,,,,,,,,DXG,2018-02-01,"14,322.44276408 ₫","16,012.96059881 ₫","12,115.37781496 ₫","15,637.28997223 ₫",113948317.4
2013-11-01,"9,963.925373 ₫",51497434,"3,010.54001368 ₫",3715240.127,"2,683.11983932 ₫",78016158.41,,,,,,,,,,,DXG,2018-03-01,"15,496.41348443 ₫","18,407.86086500 ₫","15,261.61934187 ₫","17,093.01366063 ₫",168144301.1
2013-12-02,"10,108.330089 ₫",72181512,"3,306.65870431 ₫",21446070.8,"2,818.40319193 ₫",150878788.7,,,,,,,,,,,DXG,2018-04-02,"17,351.28722160 ₫","18,877.44915390 ₫","14,439.83983725 ₫","15,449.45465516 ₫",164398563.7
2014-01-01,"11,046.960740 ₫",35799088,"3,331.33526131 ₫",777269.9645,"2,863.49764406 ₫",87866615.6,,,,,,,,,,,DXG,2018-05-02,"15,590.33114297 ₫","17,139.97248990 ₫","13,453.70443397 ₫","16,317.01444896 ₫",131036035.1
2014-02-03,"11,046.960740 ₫",53000360,"3,948.24919874 ₫",2227735.394,"3,652.65053931 ₫",203105077.8,,,,,,,,,,,DXG,2018-06-01,"16,396.60964222 ₫","18,094.64041295 ₫","14,061.81732917 ₫","14,406.72982953 ₫",175267615.7
2014-03-03,"10,613.746593 ₫",98563478,"4,022.27887140 ₫",22920005.39,"3,675.19776348 ₫",139831324,,,,,,,,,,,DXG,2018-07-02,"14,274.07117409 ₫","14,433.26156062 ₫","10,426.97020793 ₫","13,796.50002207 ₫",171239245.3
2014-04-01,"9,386.306511 ₫",264016194,"3,898.89608391 ₫",40038484.22,"3,585.00886300 ₫",62326157.03,,,,,,,,,,,DXG,2018-08-01,"13,716.90482881 ₫","15,414.93559953 ₫","13,186.27021083 ₫","15,070.02309917 ₫",131403522.3
2014-05-01,"9,891.723015 ₫",66813630,"4,120.98510106 ₫",4455672.859,"3,246.80047770 ₫",38981739.82,,,,,,,,,,,DXG,2018-09-04,"14,910.83271642 ₫","16,237.41925570 ₫","14,061.81732917 ₫","15,972.10194860 ₫",127459916.7
2014-06-02,"9,241.901795 ₫",41783006,"3,972.92575657 ₫",17846026.28,"3,359.53660614 ₫",67512718,,,,,,,,,,,DXG,2018-10-01,"15,919.03848642 ₫","15,998.63367969 ₫","12,071.93752026 ₫","12,894.42117264 ₫",125944733.3
2014-07-01,"10,685.948951 ₫",181517596,"4,984.66461346 ₫",5573636.405,"3,201.70602935 ₫",84201132.24,,,,,,,,,,,DXG,2018-11-01,"13,000.54809699 ₫","14,008.75386699 ₫","12,576.04040337 ₫","12,867.88944155 ₫",63473421.02
2014-08-01,"12,561.693187 ₫",439959068,"5,256.10674544 ₫",30975094.77,"3,720.29221561 ₫",76185490.6,,,,,,,,,,,DXG,2018-12-03,"13,186.27021083 ₫","14,061.81732917 ₫","12,071.93752026 ₫","12,629.10386554 ₫",79991583.48
2014-09-01,"10,307.030307 ₫",281790378,"5,108.04740095 ₫",25262013.16,"3,472.27273457 ₫",170681061.9,,,,,,,,,,,DXG,2019-01-02,"12,549.50867228 ₫","12,629.10386554 ₫","11,461.70770901 ₫","12,284.19136518 ₫",37991938.3
2014-10-01,"10,307.030307 ₫",220378624,"4,910.63494080 ₫",17363517.1,"3,224.25325353 ₫",150621032.9,,,,,,,,,,,DXG,2019-02-01,"12,257.65963409 ₫","13,451.58752171 ₫","12,231.12790300 ₫","13,000.54809699 ₫",44179534.63
2014-11-03,"10,371.449247 ₫",112025904,"4,713.22248066 ₫",11737078.72,"3,404.63105827 ₫",65046477.53,,,,,,,,,,,DXG,2019-03-01,"13,000.54809699 ₫","13,902.62694264 ₫","11,408.64424684 ₫","11,833.15194046 ₫",65350797.22
2014-12-01,"10,242.611368 ₫",327203132,"4,984.66461346 ₫",52718991.29,"3,156.61157723 ₫",84302813.93,,,,,,,,,,,DXG,2019-04-01,"11,939.27886482 ₫","12,469.91347901 ₫","11,143.32693974 ₫","11,302.51732627 ₫",31236832.83
2015-01-01,"10,307.030307 ₫",47525298,"5,354.81297592 ₫",7649323.23,"3,720.29221561 ₫",147263525.3,,,,,,,,,,,DXG,2019-05-02,"11,302.51732627 ₫","11,435.17597793 ₫","9,498.35963119 ₫","9,710.61347611 ₫",56026846.14
2015-02-02,"10,629.125004 ₫",50403672,"5,453.51920558 ₫",5901283.77,"4,193.78395352 ₫",79696837.03,,,,,,,,,,,DXG,2019-06-03,"9,684.08174502 ₫","10,267.77982518 ₫","9,365.70097575 ₫","9,896.33559373 ₫",29492503.36
2015-03-02,"10,092.300509 ₫",150469276,"5,404.16609075 ₫",20496182.27,"4,101.34225281 ₫",118735228.4,,,,,,,,,,,DXG,2019-07-01,"10,055.52597648 ₫","10,320.84328357 ₫","9,206.51058922 ₫","9,206.51058922 ₫",32385581.11
2015-04-01,"10,435.868186 ₫",110232384,"5,058.69428612 ₫",47932336.3,"3,570.58031430 ₫",94703723.39,,,,,,,,,,,DXG,2019-08-01,"9,233.04232031 ₫","10,532.40161535 ₫","7,614.60674285 ₫","10,464.88622041 ₫",71185706.91
2015-05-01,"10,199.665408 ₫",139694256,"5,305.45986109 ₫",24989325.19,"3,932.46345626 ₫",144072770,,,,,,,,,,,DXG,2019-09-03,"10,431.12852293 ₫","11,983.98260676 ₫","9,789.73227009 ₫","11,781.43642192 ₫",68769015.89
2015-06-01,"11,750.652230 ₫",263674670,"5,354.81297592 ₫",17570424.64,"4,325.70936746 ₫",123026806.6,,,,,,,,,,,DXG,2019-10-01,"11,882.70951434 ₫","11,916.46721181 ₫","10,329.85543051 ₫","10,431.12852293 ₫",54942844.78
2015-07-01,"11,642.600255 ₫",121697744,"5,354.81297592 ₫",16771142.36,"4,936.08553588 ₫",158138918.1,,,,,,,,,,,DXG,2019-11-01,"10,397.37082546 ₫","11,140.04016990 ₫","9,317.12450545 ₫","9,553.42838777 ₫",78084612.7
2015-08-03,"11,210.392357 ₫",124367774,"4,811.92871115 ₫",11531647.38,"4,219.55699035 ₫",149775179.7,,,,,,,,,,,DXG,2019-12-02,"9,688.45917767 ₫","10,026.03615324 ₫","9,148.33601808 ₫","9,789.73227009 ₫",51480261.24
2015-09-01,"11,264.418344 ₫",90852948,"5,330.13641809 ₫",12136602.49,"4,723.78078165 ₫",113126941.5,,,,,,,,,,,DXG,2020-01-02,"9,789.73227009 ₫","9,789.73227009 ₫","7,798.02811909 ₫","7,798.02811909 ₫",38525796.6
2015-10-01,"12,290.912102 ₫",106244426,"5,567.70959453 ₫",11116980.47,"5,228.00457295 ₫",133194169.9,,,,,,,,,,,DXG,2020-02-03,"7,426.69344687 ₫","8,912.03213575 ₫","7,122.87416960 ₫","8,000.57430394 ₫",77713462.98
2015-11-02,"11,561.561274 ₫",101977976,"5,760.65002568 ₫",23111022,"4,776.85697020 ₫",99741706.06,,,,,,,,,,,DXG,2020-03-02,"8,101.84739636 ₫","9,249.60911050 ₫","5,232.44311020 ₫","5,232.44311020 ₫",85469188.72
2015-12-01,"12,344.938090 ₫",133334112,"5,953.59045766 ₫",22093021.37,"5,015.69981871 ₫",69603101.86,,,,,,,,,,,DXG,2020-04-01,"4,867.85997731 ₫","7,190.38956455 ₫","4,867.85997731 ₫","6,677.27256228 ₫",91142350.51
2016-01-01,"12,858.184969 ₫",172843530,"5,788.21294442 ₫",11929648.97,"4,803.39506448 ₫",67312824.37,,,,,,,,,,,DXG,2020-05-04,"6,515.23561424 ₫","7,865.54351404 ₫","6,184.41017882 ₫","7,629.23963172 ₫",123492644.4
2016-02-01,"11,912.730192 ₫",65122288,"5,815.77586315 ₫",7107799.938,"4,484.93793314 ₫",50779082.53,,,,,,,,,,,DXG,2020-06-01,"7,730.51272414 ₫","8,810.75904333 ₫","7,224.14726202 ₫","7,561.72423677 ₫",164598360.3
2016-03-01,"12,750.132994 ₫",138012428,"6,311.90840122 ₫",50769392.49,"4,325.70936746 ₫",121120196.7,,,,,,,,,,,DXG,2020-07-01,"7,494.20884182 ₫","7,966.81660647 ₫","5,738.80857232 ₫","5,927.85167851 ₫",140810535.4
2016-04-01,"14,181.821657 ₫",299277292,"6,311.90840122 ₫",12579899.21,"4,033.79033039 ₫",38809309.7,,,,,,,,,,,DXG,2020-08-03,"5,907.59705969 ₫","7,122.87416960 ₫","5,907.59705969 ₫","6,535.49023305 ₫",171749173.2
2016-05-02,"14,181.821657 ₫",155477340,"6,394.59715826 ₫",7265583.907,"4,060.32842467 ₫",43271610.52,,,,,,,,,,,DXG,2020-09-01,"6,616.50870666 ₫","7,359.17805192 ₫","6,515.23561424 ₫","6,819.05489151 ₫",117783169.1
2016-06-01,"14,812.303299 ₫",66387038,"6,284.34548249 ₫",7237330.413,"4,060.32842467 ₫",70378611.96,,,,,,,,,,,DXG,2020-10-01,"6,852.81258898 ₫","8,371.90897616 ₫","6,785.29719403 ₫","7,764.27042162 ₫",208034535.6
2016-07-01,"15,292.054013 ₫",71725856,"6,394.59715826 ₫",8750081.79,"4,113.40461323 ₫",65948343.58,,,,,,,,,,,DXG,2020-11-02,"7,831.78581657 ₫","9,755.97457262 ₫","7,831.78581657 ₫","9,384.63990040 ₫",207413302.7
2016-08-01,"14,422.505843 ₫",135271806,"7,193.92180242 ₫",40121510.78,"3,954.17604756 ₫",18802537.76,,,,,,,,,,,DXG,2020-12-01,"9,249.60911050 ₫","11,106.28247242 ₫","9,249.60911050 ₫","10,768.70549768 ₫",263003278.9
2016-09-01,"16,345.267377 ₫",72870456,"7,607.36558428 ₫",15928401.72,"3,848.02367044 ₫",29165624.01,,,,,,,,,,,DXG,2021-01-04,"11,072.52477495 ₫","15,427.26774999 ₫","10,802.46319515 ₫","13,233.01741414 ₫",342313308.1
2016-10-03,"15,610.648618 ₫",299306596,"7,596.34801348 ₫",15848723.24,"4,591.00373607 ₫",48546547.52,,,,,,,,,,,DXG,2021-02-01,"13,030.47122930 ₫","17,148.91032202 ₫","12,017.74030424 ₫","15,866.11781798 ₫",196649814.4
2016-11-01,"15,426.993929 ₫",53702964,"7,291.77745588 ₫",8245813.181,"5,402.34491179 ₫",53326442.7,,,,,,,,,,,DXG,2021-03-01,"16,034.90630535 ₫","17,351.45650686 ₫","14,515.80991818 ₫","16,203.69479273 ₫",267497188
2016-12-01,"15,426.993929 ₫",53177222,"7,166.36605063 ₫",22214091.53,"4,947.20229890 ₫",72515421.49,,,,,,,,,,,DXG,2021-04-01,"16,203.69479273 ₫","17,790.30657403 ₫","14,920.90228787 ₫","15,832.36012051 ₫",235397988.4
2017-01-02,"15,426.993929 ₫",22740908,"7,058.87055971 ₫",10507255.54,"5,323.18967477 ₫",55569846.01,,,,,,,,,,,DXG,2021-05-04,"15,190.96386767 ₫","19,241.88756626 ₫","15,190.96386767 ₫","18,904.31059152 ₫",281676178.9
2017-02-01,"16,528.922066 ₫",37397562,"7,847.17082481 ₫",17736919.39,"6,530.30703561 ₫",142971707.4,,,,,,,,,,,DXG,2021-06-01,"18,904.31059152 ₫","19,883.28381828 ₫","15,258.47926262 ₫","16,203.69479273 ₫",414572930.5
2017-03-01,"15,353.532053 ₫",60783318,"9,083.36896874 ₫",17556424.94,"8,152.98939083 ₫",292118133.1,,,,,,,,,,,DXG,2021-07-01,"16,304.96788515 ₫","16,338.72558263 ₫","12,827.92504445 ₫","14,549.56761565 ₫",221668086.5
2017-04-03,"15,022.953611 ₫",44905916,"8,957.95756267 ₫",9675942.145,"8,568.55438520 ₫",213957903,,,,,,,,,,,DXG,2021-08-02,"14,583.32531313 ₫","16,473.75637252 ₫","13,840.65596869 ₫","14,988.41768282 ₫",226888861.6
2017-05-01,"14,784.202515 ₫",96560308,"9,961.24880960 ₫",20849923.28,"7,669.94241242 ₫",261387795.7,,,,,,,,,,,DXG,2021-09-01,"14,752.11380050 ₫","15,839.11561948 ₫","14,247.43978517 ₫","14,829.76021235 ₫",117362609.1
2017-06-01,"15,684.110494 ₫",155535186,"9,979.16472476 ₫",10590631.78,"7,737.02645693 ₫",216636512.7,,,,,,,,,,,DXG,2021-10-01,"14,713.29612692 ₫","19,177.75273535 ₫","14,208.61842336 ₫","18,750.71775541 ₫",198160282.5
2017-07-03,"16,345.267377 ₫",55147166,"10,032.91247022 ₫",10465372.61,"8,542.03498729 ₫",217386970.1,,,,,,,,,,,DXG,2021-11-01,"18,944.82456447 ₫","25,389.17062534 ₫","17,780.18371010 ₫","25,389.17062534 ₫",409169007.5
2017-08-01,"17,998.159583 ₫",49130992,"10,032.91247022 ₫",4846758.091,"9,123.43003846 ₫",234677818.5,,,,,,,,,,,DXG,2021-12-01,"26,942.02509784 ₫","28,883.09318846 ₫","22,477.56848941 ₫","27,174.95326871 ₫",346410205.6
2017-09-01,"18,806.240218 ₫",66658496,"9,902.30763418 ₫",12346939.17,"9,391.76621651 ₫",157792300.3,,,,,,,,,,,DXG,2022-01-04,"27,213.77463052 ₫","31,833.51668621 ₫","22,128.17623309 ₫","26,282.06194703 ₫",275001676.8
2017-10-02,"21,487.598686 ₫",79014994,"10,706.87012980 ₫",26956521.02,"8,382.15092977 ₫",195404446.8,,,,,,,,,,,DXG,2022-02-07,"26,631.45420334 ₫","35,210.97516389 ₫","26,476.16875609 ₫","32,842.87209333 ₫",214152964.4
2017-11-01,"27,364.548754 ₫",209396126,"12,171.58646737 ₫",30713037.87,"9,250.88926366 ₫",168437056.3,,,,,,,,,,,DXG,2022-03-01,"32,765.22936970 ₫","36,841.47236001 ₫","29,775.98451015 ₫","36,181.50920920 ₫",390649944.7
2017-12-01,"28,393.015016 ₫",116767300,"11,305.13454946 ₫",15169391.87,"10,119.62759377 ₫",207658545.6,,,,,,,,,,,DXG,2022-04-01,"35,948.58103832 ₫","36,686.18691276 ₫","24,224.52977097 ₫","28,417.23684671 ₫",291988245.1
2018-01-02,"31,588.606615 ₫",215278154,"14,234.56722460 ₫",23270449.15,"14,322.44276408 ₫",248878948.5,,,,,,,,,,,DXG,2022-05-04,"27,951.38050496 ₫","28,339.59412309 ₫","18,051.93324279 ₫","21,468.21308228 ₫",231010819.6
2018-02-01,"34,857.660091 ₫",103420140,"14,234.56722460 ₫",9225361.225,"15,637.28997223 ₫",113948317.4,,,,,,,,,,,DXG,2022-06-01,"21,468.21308228 ₫","21,701.14125316 ₫","13,354.54846348 ₫","15,140.33110685 ₫",276408375.3
2018-03-01,"43,048.659248 ₫",152560936,"14,956.61048967 ₫",23430709.98,"17,093.01366063 ₫",168144301.1,,,,,,,,,,,DXG,2022-07-01,"15,140.33110685 ₫","19,643.60907710 ₫","14,441.54659423 ₫","19,255.39545897 ₫",250611291.5
2018-04-02,"46,280.981785 ₫",196015154,"15,059.75952683 ₫",32379848.83,"15,449.45465516 ₫",164398563.7,,,,,,,,,,,DXG,2022-08-01,"19,255.39545897 ₫","23,021.06755478 ₫","19,138.93137354 ₫","20,575.32176060 ₫",319023466.7
2018-05-02,"42,607.887993 ₫",185717686,"13,677.56241981 ₫",14000954.39,"16,317.01444896 ₫",131036035.1,,,,,,,,,,,DXG,2022-09-05,"20,575.32176060 ₫","20,847.07129328 ₫","14,519.18931785 ₫","15,761.47289585 ₫",291120505.9
2018-06-01,"47,777.783750 ₫",205520980,"12,790.48069446 ₫",12094039.54,"14,406.72982953 ₫",175267615.7,,,,,,,,,,,DXG,2022-10-03,"15,528.54472498 ₫","15,839.11561948 ₫","9,355.94819680 ₫","10,869.98130748 ₫",271481646.1
2018-07-02,"47,288.894800 ₫",92778318,"12,419.14415821 ₫",10359279.83,"13,796.50002207 ₫",171239245.3,,,,,,,,,,,DXG,2022-11-01,"11,064.08811655 ₫","11,335.83764923 ₫","6,164.83225582 ₫","9,938.26862399 ₫",390576317.7
2018-08-01,"45,955.561300 ₫",107993730,"13,203.07684557 ₫",22102068.54,"15,070.02309917 ₫",131403522.3,,,,,,,,,,,DXG,2022-12-01,"10,598.23177480 ₫","12,189.90760911 ₫","9,239.48411136 ₫","9,899.44726217 ₫",447013541
2018-09-04,"43,688.894350 ₫",52835478,"14,729.68186990 ₫",12524535.68,"15,972.10194860 ₫",127459916.7,,,,,,,,,,,DXG,2023-01-03,"9,821.80453855 ₫","11,646.40854373 ₫","9,511.23364405 ₫","11,568.76582011 ₫",160156532.4
2018-10-01,"43,200.005400 ₫",91820020,"13,949.87518254 ₫",14756161.22,"12,894.42117264 ₫",125944733.3,,,,,,,,,,,DXG,2023-02-01,"11,646.40854373 ₫","11,762.87262917 ₫","7,492.52282980 ₫","7,764.27236249 ₫",306205371.5
2018-11-01,"45,200.005650 ₫",57965596,"13,018.43941691 ₫",27454746.89,"12,867.88944155 ₫",63473421.02,,,,,,,,,,,DXG,2023-03-01,"7,616.75118760 ₫","9,860.62590036 ₫","7,539.10846398 ₫","9,744.16181492 ₫",450265102.4
2018-12-03,"42,355.560850 ₫",23497486,"14,296.45593202 ₫",37087190.75,"12,629.10386554 ₫",79991583.48,,,,,,,,,,,DXG,2023-04-03,"10,054.73270942 ₫","11,025.26675473 ₫","9,627.69772949 ₫","10,481.76768936 ₫",458836443.6
2019-01-02,"46,177.783550 ₫",28355240,"13,040.10071380 ₫",12865480.94,"12,284.19136518 ₫",37991938.3,,,,,,,,,,,DXG,2023-05-04,"10,326.48224211 ₫","11,801.69399098 ₫","10,171.19679486 ₫","11,568.76582011 ₫",472617355.8
2019-02-01,"50,666.673000 ₫",32773346,"13,343.35887032 ₫",7186279.313,"13,000.54809699 ₫",44179534.63,,,,,,,,,,,DXG,2023-06-01,"11,568.76582011 ₫","12,500.47850361 ₫","10,869.98130748 ₫","11,529.94445830 ₫",549103466.8
2019-03-01,"51,511.117550 ₫",49019866,"13,733.26221359 ₫",11149443.55,"11,833.15194046 ₫",65350797.22,,,,,,,,,,,DXG,2023-07-03,"11,607.58718192 ₫","14,868.58157417 ₫","11,064.08811655 ₫","14,752.11748873 ₫",571115195.9
2019-04-01,"50,533.339650 ₫",29635516,"13,430.00405790 ₫",13959083.56,"11,302.51732627 ₫",31236832.83,,,,,,,,,,,DXG,2023-08-01,"14,752.11748873 ₫","17,547.25553923 ₫","13,898.04752886 ₫","17,275.50600654 ₫",800511770.7
2019-05-02,"50,933.339700 ₫",138924392,"13,430.00405790 ₫",12313252.78,"9,710.61347611 ₫",56026846.14,,,,,,,,,,,DXG,2023-09-05,"17,469.61281560 ₫","18,013.11188097 ₫","13,548.65527254 ₫","14,674.47476510 ₫",567093440.2
2019-06-03,"51,422.228650 ₫",19915220,"14,429.03677672 ₫",15905587.18,"9,896.33559373 ₫",29492503.36,,,,,,,,,,,DXG,2023-10-02,"14,674.47476510 ₫","15,101.50974504 ₫","11,879.33671461 ₫","12,927.51348354 ₫",451766723.9
2019-07-01,"54,222.229000 ₫",46899444,"13,128.05805123 ₫",15218596.51,"9,206.51058922 ₫",32385581.11,,,,,,,,,,,DXG,2023-11-01,"13,082.79893079 ₫","16,615.54285573 ₫","12,267.55033273 ₫","15,528.54472498 ₫",587107031.5
2019-08-01,"54,888.895750 ₫",86338712,"14,222.06288821 ₫",19775253.52,"10,464.88622041 ₫",71185706.91,,,,,,,,,,,DXG,2023-12-01,"15,528.54472498 ₫","16,654.36421754 ₫","14,790.93885054 ₫","15,866.43836432 ₫",483570550.8
2019-09-03,"53,244.451100 ₫",20659854,"15,079.52613987 ₫",22537138.47,"11,781.43642192 ₫",68769015.89,,,,,,,,,,,DXG,2024-01-02,"15,907.43691306 ₫","16,440.41804674 ₫","15,128.46448690 ₫","15,169.46303565 ₫",313926599.7
2019-10-01,"52,888.895500 ₫",27264974,"15,493.47391605 ₫",17428828.04,"10,431.12852293 ₫",54942844.78,,,,,,,,,,,DXG,2024-02-01,"15,169.46303565 ₫","15,743.44271808 ₫","14,472.48770698 ₫","14,964.47029193 ₫",181472033.2
2019-11-01,"51,422.228650 ₫",27040822,"15,611.74470913 ₫",45114726.03,"9,553.42838777 ₫",78084612.7,,,,,,,,,,,DXG,2024-03-01,"15,005.46884067 ₫","16,850.40353420 ₫","14,185.49786577 ₫","16,276.42385177 ₫",461618290.9
2019-12-02,"51,111.117500 ₫",29765582,"15,907.42169223 ₫",17721177.3,"9,789.73227009 ₫",51480261.24,,,,,,,,,,,DXG,2024-04-01,"16,153.42820553 ₫","17,096.39482666 ₫","12,709.55011095 ₫","13,242.53124464 ₫",388532064.9
2020-01-02,"51,022.228600 ₫",24618158,"14,783.84915594 ₫",14862902.56,"7,798.02811909 ₫",38525796.6,,,,,,,,,,,DXG,2024-05-02,"13,242.53124464 ₫","14,554.48480448 ₫","13,037.53850091 ₫","13,775.51237832 ₫",229646321.4
2020-02-03,"46,844.450300 ₫",32994426,"14,517.73987132 ₫",15652153.94,"8,000.57430394 ₫",77713462.98,,,,,,,,,,,DXG,2024-06-03,"13,939.50657330 ₫","14,226.49641451 ₫","12,791.54720844 ₫","13,119.53559840 ₫",139698237.5
2020-03-02,"37,066.671300 ₫",71088194,"10,940.04837561 ₫",24362138.76,"5,232.44311020 ₫",85469188.72,,,,,,,,,,,DXG,2024-07-01,"13,119.53559840 ₫","13,283.52979338 ₫","10,454.62992998 ₫","11,356.59800237 ₫",230597918.4
2020-04-01,"40,844.449550 ₫",55004168,"12,388.86559265 ₫",20899487.29,"6,677.27256228 ₫",91142350.51,,,,,,,,,,,DXG,2024-08-01,"11,356.59800237 ₫","13,242.53124464 ₫","9,880.65024755 ₫","12,873.54430593 ₫",313350359.8
2020-05-04,"43,111.116500 ₫",85505662,"13,009.78725733 ₫",63948127.84,"7,629.23963172 ₫",123492644.4,,,,,,,,,,,DXG,2024-09-04,"12,586.55446472 ₫","13,816.51092707 ₫","11,807.58203856 ₫","13,693.51528083 ₫",321693947.8
2020-06-01,"39,555.560500 ₫",46018814,"13,719.41201744 ₫",42054504.75,"7,561.72423677 ₫",164598360.3,,,,,,,,,,,DXG,2024-10-01,"13,857.50947581 ₫","14,062.50221954 ₫","12,012.57478228 ₫","13,611.51818334 ₫",429425931.9
2020-07-01,"38,888.893750 ₫",27767424,"13,512.43812893 ₫",32848596.69,"5,927.85167851 ₫",140810535.4,,,,,,,,,,,DXG,2024-11-01,"13,529.52108585 ₫","14,636.48190197 ₫","12,873.54430593 ₫","14,349.49206075 ₫",450592168.9
2020-08-03,"40,000.005000 ₫",28128104,"15,119.44177595 ₫",35787786.53,"6,535.49023305 ₫",171749173.2,,,,,,,,,,,DXG,2024-12-02,"14,431.48915824 ₫","14,964.47029193 ₫","12,381.56172099 ₫","12,791.54720844 ₫",428405163.6
2020-09-01,"40,666.671750 ₫",31135154,"15,057.34961312 ₫",38781661.1,"6,819.05489151 ₫",117783169.1,,,,,,,,,,,DXG,2025-01-02,"12,791.54720844 ₫","13,205.11500000 ₫","12,008.53500000 ₫","13,034.17500000 ₫",155893868
2020-10-01,"47,333.339250 ₫",48930522,"15,523.04083767 ₫",38425388.77,"7,764.27042162 ₫",208034535.6,,,,,,,,,,,DXG,2025-02-03,"12,735.03000000 ₫","13,931.61000000 ₫","12,307.68000000 ₫","13,931.61000000 ₫",272477828.5
2020-11-02,"46,177.783550 ₫",55390788,"16,609.65369631 ₫",70328627.17,"9,384.63990040 ₫",207413302.7,,,,,,,,,,,DXG,2025-03-03,"13,846.14000000 ₫","14,700.84000000 ₫","13,504.26000000 ₫","13,504.26000000 ₫",292828009.8
2020-12-01,"48,088.894900 ₫",44042168.26,"18,193.00386195 ₫",78788812.29,"10,768.70549768 ₫",263003278.9,,,,,,,,,,,DXG,2025-04-01,"13,675.20000000 ₫","13,931.61000000 ₫","10,512.81000000 ₫","12,948.70500000 ₫",381936595.3
2021-01-04,"44,177.783300 ₫",84913099.39,"19,807.40010908 ₫",56707056.25,"13,233.01741414 ₫",342313308.1,,,,,,,,,,,DXG,2025-05-05,"13,119.64500000 ₫","15,683.74500000 ₫","12,905.97000000 ₫","15,470.07000000 ₫",364699385.7
2021-02-01,"48,444.450500 ₫",58971538.63,"19,807.40010908 ₫",38464918.45,"15,866.11781798 ₫",196649814.4,,,,,,,,,,,DXG,2025-06-02,"15,427.33500000 ₫","17,250.00000000 ₫","15,050.00000000 ₫","16,900.00000000 ₫",353313275.4
2021-03-01,"52,400.006550 ₫",132726583.4,"18,907.06374049 ₫",69731182.91,"16,203.69479273 ₫",267497188,,,,,,,,,,,DXG,2025-07-01,"16,800.00000000 ₫","21,300.00000000 ₫","16,400.00000000 ₫","19,800.00000000 ₫",641055510
2021-04-01,"58,222.229500 ₫",148404331.7,"21,825.39541800 ₫",146199381.9,"15,832.36012051 ₫",235397988.4,,,,,,,,,,,DXG,2025-08-01,"20,000.00000000 ₫","23,800.00000000 ₫","18,850.00000000 ₫","22,800.00000000 ₫",612657699
2021-05-04,"52,222.228750 ₫",84061001.99,"24,495.35844211 ₫",160278036.1,"18,904.31059152 ₫",281676178.9,,,,,,,,,,,DXG,2025-09-03,"22,850.00000000 ₫","24,500.00000000 ₫","20,350.00000000 ₫","20,700.00000000 ₫",527830553
2021-06-01,"52,888.895500 ₫",116966910.4,"25,647.16550782 ₫",103641630.1,"16,203.69479273 ₫",414572930.5,,,,,,,,,,,DXG,2025-10-01,"20,800.00000000 ₫","23,500.00000000 ₫","18,900.00000000 ₫","20,250.00000000 ₫",631082398
2021-07-01,"47,644.450400 ₫",148659996.9,"27,798.65875282 ₫",133186488.3,"14,549.56761565 ₫",221668086.5,,,,,,,,,,,DXG,2025-11-03,"20,200.00000000 ₫","20,350.00000000 ₫","17,850.00000000 ₫","18,800.00000000 ₫",323372034
2021-08-02,"47,050.000000 ₫",143242806.2,"27,149.79571068 ₫",121238327.3,"14,988.41768282 ₫",226888861.6,,,,,,,,,,,DXG,2025-12-01,"18,900.00000000 ₫","19,200.00000000 ₫","16,050.00000000 ₫","17,100.00000000 ₫",270832931
2021-09-01,"44,000.000000 ₫",165920256,"28,413.37110853 ₫",107300976.4,"14,829.76021235 ₫",117362609.1,,,,,,,,,,,DXG,2026-01-05,"17,100.00000000 ₫","17,400.00000000 ₫","15,300.00000000 ₫","15,750.00000000 ₫",173520710
2021-10-01,"47,900.000000 ₫",96055088,"34,833.70015710 ₫",115239903.3,"18,750.71775541 ₫",198160282.5,,,,,,,,,,,,,,,,,
2021-11-01,"52,500.000000 ₫",133994178,"31,725.98769210 ₫",104639270.1,"25,389.17062534 ₫",409169007.5,,,,,,,,,,,,,,,,,
2021-12-01,"47,550.000000 ₫",157042224,"34,833.70015710 ₫",75903013.12,"27,174.95326871 ₫",346410205.6,,,,,,,,,,,,,,,,,
2022-01-04,"48,500.000000 ₫",103491000,"34,150.68642852 ₫",62398745.76,"26,282.06194703 ₫",275001676.8,,,,,,,,,,,,,,,,,
2022-02-07,"38,500.000000 ₫",160544200,"36,131.42624138 ₫",27289788.21,"32,842.87209333 ₫",214152964.4,,,,,,,,,,,,,,,,,
2022-03-01,"40,600.000000 ₫",135429800,"36,063.12486852 ₫",45022960.32,"36,181.50920920 ₫",390649944.7,,,,,,,,,,,,,,,,,
2022-04-01,"40,000.000000 ₫",112493000,"32,716.35759853 ₫",41981147.38,"28,417.23684671 ₫",291988245.1,,,,,,,,,,,,,,,,,
2022-05-04,"39,400.000000 ₫",83629800,"28,720.72728639 ₫",48317916.05,"21,468.21308228 ₫",231010819.6,,,,,,,,,,,,,,,,,
2022-06-01,"36,750.000000 ₫",79795400,"26,569.23404139 ₫",25455564.47,"15,140.33110685 ₫",276408375.3,,,,,,,,,,,,,,,,,
2022-07-01,"32,000.000000 ₫",54856600,"28,174.31348610 ₫",23614381.83,"19,255.39545897 ₫",250611291.5,,,,,,,,,,,,,,,,,
2022-08-01,"31,850.000000 ₫",55517600,"27,798.65597295 ₫",28059734.28,"20,575.32176060 ₫",319023466.7,,,,,,,,,,,,,,,,,
2022-09-05,"27,500.000000 ₫",41834000,"21,074.38648760 ₫",65136059.16,"15,761.47289585 ₫",291120505.9,,,,,,,,,,,,,,,,,
2022-10-03,"27,700.000000 ₫",56677000,"17,054.85109692 ₫",100985306.2,"10,869.98130748 ₫",271481646.1,,,,,,,,,,,,,,,,,
2022-11-01,"34,800.000000 ₫",84768600,"20,586.03172051 ₫",204235615.7,"9,938.26862399 ₫",390576317.7,,,,,,,,,,,,,,,,,
2022-12-01,"26,900.000000 ₫",130858400,"19,909.84819685 ₫",96007170.73,"9,899.44726217 ₫",447013541,,,,,,,,,,,,,,,,,
2023-01-03,"28,550.000000 ₫",51205800,"21,036.82073629 ₫",51691632.19,"11,568.76582011 ₫",160156532.4,,,,,,,,,,,,,,,,,
2023-02-01,"26,300.000000 ₫",79480000,"19,120.96741923 ₫",52194457.22,"7,764.27236249 ₫",306205371.5,,,,,,,,,,,,,,,,,
2023-03-01,"27,500.000000 ₫",66231600,"20,736.29472577 ₫",32434330.67,"9,744.16181492 ₫",450265102.4,,,,,,,,,,,,,,,,,
2023-04-03,"26,050.000000 ₫",88851000,"22,389.18778362 ₫",54470039.29,"10,481.76768936 ₫",458836443.6,,,,,,,,,,,,,,,,,
2023-05-04,"26,000.000000 ₫",72523000,"22,314.05628099 ₫",64598182.26,"11,568.76582011 ₫",472617355.8,,,,,,,,,,,,,,,,,
2023-06-01,"25,500.000000 ₫",84218800,"23,140.50280992 ₫",75599579.42,"11,529.94445830 ₫",549103466.8,,,,,,,,,,,,,,,,,
2023-07-03,"27,550.000000 ₫",128089200,"28,174.31348610 ₫",71069627.43,"14,752.11748873 ₫",571115195.9,,,,,,,,,,,,,,,,,
2023-08-01,"31,050.000000 ₫",752538400,"27,798.65597295 ₫",60128572.46,"17,275.50600654 ₫",800511770.7,,,,,,,,,,,,,,,,,
2023-09-05,"23,425.000000 ₫",587368800,"24,530.43560857 ₫",40519887.04,"14,674.47476510 ₫",567093440.2,,,,,,,,,,,,,,,,,
2023-10-02,"20,250.000000 ₫",296687400,"23,636.36836364 ₫",34360532.47,"12,927.51348354 ₫",451766723.9,,,,,,,,,,,,,,,,,
2023-11-01,"20,875.000000 ₫",193847000,"25,785.12912397 ₫",45781671.84,"15,528.54472498 ₫",587107031.5,,,,,,,,,,,,,,,,,
2023-12-01,"22,300.000000 ₫",125472600,"25,950.41841322 ₫",44236502.15,"15,866.43836432 ₫",483570550.8,,,,,,,,,,,,,,,,,
2024-01-02,"21,250.000000 ₫",87345000,"25,537.19519008 ₫",48912546.22,"15,169.46303565 ₫",313926599.7,,,,,,,,,,,,,,,,,
2024-02-01,"22,500.000000 ₫",159983400,"28,636.36936364 ₫",69915722.02,"14,964.47029193 ₫",181472033.2,,,,,,,,,,,,,,,,,
2024-03-01,"23,825.000000 ₫",179630600,"31,239.67566942 ₫",117849620.4,"16,276.42385177 ₫",461618290.9,,,,,,,,,,,,,,,,,
2024-04-01,"22,225.000000 ₫",135683000,"28,925.62561984 ₫",81016501.8,"13,242.53124464 ₫",388532064.9,,,,,,,,,,,,,,,,,
2024-05-02,"21,775.000000 ₫",99488400,"29,917.36135537 ₫",85563882.96,"13,775.51237832 ₫",229646321.4,,,,,,,,,,,,,,,,,
2024-06-03,"20,600.000000 ₫",86622000,"30,495.87386777 ₫",81714908.82,"13,119.53559840 ₫",139698237.5,,,,,,,,,,,,,,,,,
2024-07-01,"21,150.000000 ₫",93866000,"29,958.68367769 ₫",85354465.88,"11,356.59800237 ₫",230597918.4,,,,,,,,,,,,,,,,,
2024-08-01,"22,100.000000 ₫",131301200,"31,157.03102479 ₫",56061103.79,"12,873.54430593 ₫",313350359.8,,,,,,,,,,,,,,,,,
2024-09-04,"21,000.000000 ₫",109773400,"32,148.76676033 ₫",87284663.54,"13,693.51528083 ₫",321693947.8,,,,,,,,,,,,,,,,,
2024-10-01,"20,775.000000 ₫",94521600,"30,454.54850000 ₫",81027107.44,"13,611.51818334 ₫",429425931.9,,,,,,,,,,,,,,,,,
2024-11-01,"20,250.000000 ₫",70849200,"30,136.36665000 ₫",49375695.06,"14,349.49206075 ₫",450592168.9,,,,,,,,,,,,,,,,,
2024-12-02,"20,275.000000 ₫",88599800,"32,818.18510000 ₫",81721132.43,"12,791.54720844 ₫",428405163.6,,,,,,,,,,,,,,,,,
2025-01-02,"20,200.000000 ₫",47673000,"31,590.91225000 ₫",32806423.12,"13,034.17500000 ₫",155893868,,,,,,,,,,,,,,,,,
2025-02-03,"20,600.000000 ₫",59101400,"30,454.54850000 ₫",42762715.72,"13,931.61000000 ₫",272477828.5,,,,,,,,,,,,,,,,,
2025-03-03,"29,000.000000 ₫",300897200,"29,636.36660000 ₫",68809943.12,"13,504.26000000 ₫",292828009.8,,,,,,,,,,,,,,,,,
2025-04-01,"34,000.000000 ₫",458066000,"23,954.54785000 ₫",87195055.28,"12,948.70500000 ₫",381936595.3,,,,,,,,,,,,,,,,,
2025-05-05,"49,200.000000 ₫",249094600,"26,727.27540000 ₫",56939392.21,"15,470.07000000 ₫",364699385.7,,,,,,,,,,,,,,,,,
2025-06-02,"47,800.000000 ₫",164527800,"26,727.27540000 ₫",72352532.36,"16,900.00000000 ₫",353313275.4,,,,,,,,,,,,,,,,,
2025-07-01,"52,750.000000 ₫",181868200,"27,400.00000000 ₫",123679002.1,"19,800.00000000 ₫",641055510,,,,,,,,,,,,,,,,,
2025-08-01,"64,150.000000 ₫",173086400,"36,500.00000000 ₫",184386474,"22,800.00000000 ₫",612657699,,,,,,,,,,,,,,,,,
2025-09-03,"87,450.000000 ₫",116480600,"33,800.00000000 ₫",119022807,"20,700.00000000 ₫",527830553,,,,,,,,,,,,,,,,,
2025-10-01,"95,500.000000 ₫",202007800,"35,850.00000000 ₫",201217646,"20,250.00000000 ₫",631082398,,,,,,,,,,,,,,,,,
2025-11-03,"130,200.000000 ₫",128994800,"35,000.00000000 ₫",127724212,"18,800.00000000 ₫",323372034,,,,,,,,,,,,,,,,,
2025-12-01,"169,600.000000 ₫",205939505,"31,500.00000000 ₫",117422890,"17,100.00000000 ₫",270832931,,,,,,,,,,,,,,,,,
2026-01-05,"161,300.000000 ₫",95196984,"29,350.00000000 ₫",79981085,"15,750.00000000 ₫",173520710,,,,,,,,,,,,,,,,,