time,VCB _price _close,VCB _volume,BID _price _close,BID _volume,CTG _price _close,CTG _volume,TCB _price close,TCB_volume
2014-01-01,"8,148.36877975 ₫",93678730.33,"10,249.16204834 ₫",20929185.94,"8,101.40457107 ₫",34955731.5,,
2014-02-03,"8,748.77490025 ₫",57189504.8,"9,469.33450109 ₫",59814867.52,"8,436.96570744 ₫",54875107.76,,
2014-03-03,"8,805.95643535 ₫",84091428.26,"9,357.93056541 ₫",58798219.12,"8,101.40457107 ₫",56825859.31,,
2014-04-01,"8,234.14108239 ₫",53627655.12,"8,800.91088951 ₫",22226495.14,"7,574.09421470 ₫",112252007.6,,
2014-05-01,"8,291.32261749 ₫",48853454.05,"8,243.89121278 ₫",15636137.15,"7,142.65846764 ₫",30092001.12,,
2014-06-02,"8,614.40044569 ₫",36799291.67,"8,466.69908330 ₫",10482946.25,"6,950.90924764 ₫",22282756.61,,
2014-07-01,"8,417.12409958 ₫",18257552.74,"8,466.69908330 ₫",15908654.65,"7,046.78385764 ₫",15426990.1,,
2014-08-01,"9,206.22948402 ₫",31753573.05,"8,299.59318062 ₫",20439637.92,"7,094.72116264 ₫",17125794.8,,
2014-09-01,"8,581.52105478 ₫",47749152.33,"7,686.87153605 ₫",13089711.85,"6,902.97194195 ₫",19719285.71,,
2014-10-01,"9,107.59131130 ₫",74701618.79,"7,519.76563336 ₫",11572439.09,"7,046.78385764 ₫",16253945.78,,
2014-11-03,"9,107.59131130 ₫",23811513.3,"7,074.14989231 ₫",7247350.704,"6,711.22272126 ₫",6449268.99,,
2014-12-01,"10,488.52573340 ₫",89237927.87,"7,074.14989231 ₫",11074690.91,"6,615.34811127 ₫",11448998.51,,
2015-01-01,"11,737.94259187 ₫",90731834.25,"9,747.84433945 ₫",117366927.8,"8,628.71492744 ₫",76624889.35,,
2015-02-02,"12,625.68614970 ₫",35403751.85,"10,360.56598319 ₫",82199296.75,"9,299.83720019 ₫",95175416.42,,
2015-03-02,"11,540.66624576 ₫",77618411.53,"9,803.54630729 ₫",79091606.71,"8,293.15379175 ₫",105478505.1,,
2015-04-01,"11,902.33954707 ₫",38103965.34,"10,471.96991887 ₫",71187650.49,"8,628.71492744 ₫",112238553.2,,
2015-05-01,"14,236.77630949 ₫",48276534.77,"11,251.79746612 ₫",51627322.29,"9,347.77450518 ₫",66347900.99,,
2015-06-01,"16,045.14281472 ₫",68627575.89,"12,310.13485092 ₫",87851391.38,"9,203.96258950 ₫",128537042.3,,
2015-07-01,"16,406.81611603 ₫",56521447.28,"14,204.00175163 ₫",107132220.4,"10,785.89365999 ₫",202362707.8,,
2015-08-03,"13,973.74118090 ₫",84012601.36,"13,528.07553930 ₫",81330471.68,"9,251.89989450 ₫",101764553.7,,
2015-09-01,"14,105.25874519 ₫",64604364.51,"13,819.62889141 ₫",76453594.06,"9,395.71181018 ₫",93156577.07,,
2015-10-01,"15,683.46951407 ₫",55730469.31,"14,052.87157244 ₫",32226545.96,"9,970.95947224 ₫",95607068.26,,
2015-11-02,"14,105.25874519 ₫",39229140.25,"11,895.37676714 ₫",25864720.74,"8,820.46414812 ₫",40331438.07,,
2015-12-01,"14,434.05265560 ₫",68836055.23,"12,011.99810765 ₫",55034008.27,"8,916.33875881 ₫",30773078.75,,
2016-01-01,"13,612.06788025 ₫",52753075.22,"9,796.19263128 ₫",62839261.13,"8,245.21648676 ₫",34656572.73,,
2016-02-01,"13,480.55031595 ₫",42313175.74,"10,320.98866524 ₫",48008978.2,"8,532.84031744 ₫",21954189.64,,
2016-03-01,"13,480.55031595 ₫",70616512.88,"9,737.88196102 ₫",48965408.51,"7,861.71804538 ₫",36796984.84,,
2016-04-01,"15,124.51986665 ₫",59577094.2,"10,204.36732473 ₫",47951679.84,"7,957.59265538 ₫",48008672.61,,
2016-05-02,"15,354.67560367 ₫",44825528.93,"10,612.54201735 ₫",73068058.89,"8,532.84031744 ₫",61512729.76,,
2016-06-01,"15,551.95194978 ₫",43875967.27,"10,204.36732473 ₫",43847008.76,"8,053.46726607 ₫",28178226.77,,
2016-07-01,"17,754.87114789 ₫",53209800.93,"10,262.67799499 ₫",57527535.98,"8,532.84031744 ₫",59713568.09,,
2016-08-01,"17,754.87114789 ₫",49651093.74,"9,562.94995025 ₫",41302638.04,"8,341.09109675 ₫",23556173.81,,
2016-09-01,"17,000.30612413 ₫",112382321,"9,912.81397262 ₫",42896045.23,"8,125.37322357 ₫",16834063.28,,
2016-10-03,"15,979.40001216 ₫",47483179.75,"9,737.88196102 ₫",64539431.49,"8,077.43591857 ₫",25155885.69,,
2016-11-01,"15,646.49584553 ₫",44671445.19,"8,979.84324603 ₫",52027281.88,"7,765.84343469 ₫",17184016.71,,
2016-12-01,"15,735.27028988 ₫",28485492.51,"8,280.11520046 ₫",51537376.91,"7,214.56442582 ₫",21095593.98,,
2017-01-02,"17,444.17834719 ₫",44472645.97,"9,854.50330236 ₫",102234031,"8,892.37010631 ₫",43458990.24,,
2017-02-01,"16,600.82112391 ₫",53442880.51,"9,592.10528496 ₫",95291815.8,"8,748.55819063 ₫",104291962.9,,
2017-03-01,"16,378.88501238 ₫",60990799.77,"10,233.52265944 ₫",152787807.1,"8,676.65223313 ₫",67750749.23,,
2017-04-03,"15,579.91501194 ₫",47309961.49,"9,679.57129076 ₫",97838189.06,"8,317.12244425 ₫",34774455.72,,
2017-05-01,"16,068.17445717 ₫",69057878.95,"10,758.31869341 ₫",200746756.6,"9,012.21336881 ₫",73374180.61,,
2017-06-01,"17,089.08056914 ₫",95427610.57,"11,895.37676714 ₫",189600038,"9,707.30429406 ₫",85015070.03,,
2017-07-03,"16,756.17640185 ₫",57109147.01,"12,944.96883507 ₫",128274332.5,"9,779.21025156 ₫",87974254.09,,
2017-08-01,"16,467.65945739 ₫",40796567.78,"12,070.30877791 ₫",122810169.1,"9,132.05663200 ₫",114235184.5,,
2017-09-01,"16,689.59556825 ₫",70125997.17,"11,428.89140343 ₫",64318239.79,"8,868.40145381 ₫",64971079.25,,
2017-10-02,"18,376.31001415 ₫",124962846.2,"12,740.88148793 ₫",84819713.57,"8,988.24471631 ₫",72098642.99,,
2017-11-01,"21,527.80279441 ₫",110670705.2,"14,956.68696431 ₫",87819814,"11,648.76515273 ₫",166049793.7,,
2017-12-01,"24,102.26168509 ₫",105041232.1,"14,869.22095851 ₫",51253816.95,"11,600.82784704 ₫",120590517.1,,
2018-01-02,"29,561.89002300 ₫",118691866.9,"19,942.24928575 ₫",122457798.8,"13,038.94700185 ₫",260670792.3,,
2018-02-01,"32,757.77002543 ₫",91408081.38,"22,741.16146635 ₫",69489286.66,"16,106.93453214 ₫",319348321.9,,
2018-03-01,"31,292.99169106 ₫",136868765.8,"25,306.83096510 ₫",84791608.89,"16,586.30758351 ₫",448401248.5,,
2018-04-02,"26,632.33335427 ₫",154538354.2,"21,050.15202394 ₫",87637866.24,"14,045.63041028 ₫",286270107.8,,
2018-05-02,"24,013.48724074 ₫",165541223.1,"17,055.87109935 ₫",93949590.17,"12,991.00969685 ₫",263639612.2,,
2018-06-01,"25,744.58890881 ₫",134196109.7,"15,160.77431062 ₫",105829304,"11,624.79650023 ₫",212831371.5,"15,283.3181 ₫",176040338
2018-07-02,"25,966.52502034 ₫",107385287.1,"15,335.70632222 ₫",141047174.3,"11,313.20401636 ₫",264524659.7,"13,900.0000 ₫",91568604
2018-08-01,"27,742.01391058 ₫",119397501.3,"20,058.87062709 ₫",139760036.3,"13,014.97834935 ₫",319542790.3,"13,150.0000 ₫",103224556
2018-09-04,"27,963.95002144 ₫",75439560.11,"20,525.35598997 ₫",93248137.2,"13,206.72757003 ₫",226791711.3,"14,575.0000 ₫",122190684
2018-10-01,"24,679.29557467 ₫",81646480.17,"17,201.64777540 ₫",110624991.8,"11,217.32940636 ₫",210004217.7,"13,450.0000 ₫",120970572
2018-11-01,"24,590.52113032 ₫",52636329.12,"18,309.55051359 ₫",69053830.5,"11,025.58018567 ₫",154972569,"13,025.0000 ₫",115287420
2018-12-03,"23,747.16390704 ₫",63578891.19,"20,058.87062709 ₫",63485610.68,"9,251.89989450 ₫",211147074.2,"12,925.0000 ₫",747527396
2019-01-02,"25,211.94224207 ₫",47024147.25,"18,367.86118468 ₫",26378094.88,"9,443.64911518 ₫",258019015.8,"13,250.0000 ₫",111384360
2019-02-01,"26,854.26946513 ₫",55257702.24,"18,950.96788890 ₫",35123207.08,"9,970.95947224 ₫",207421249.3,"13,250.0000 ₫",143553200
2019-03-01,"29,872.60057887 ₫",79571532.79,"20,875.22001234 ₫",75213550.55,"10,761.92500680 ₫",289039371,"12,800.0000 ₫",190470722
2019-04-01,"30,138.92391257 ₫",28469467.6,"20,292.11330812 ₫",32575455.63,"10,186.67734543 ₫",102557134.2,"12,075.0000 ₫",68690630
2019-05-02,"29,828.21335670 ₫",37542389.25,"18,367.86118468 ₫",40328334.82,"9,731.27294656 ₫",105327247.8,"11,300.0000 ₫",153229432
2019-06-03,"31,292.99169106 ₫",48817914.89,"18,484.48252519 ₫",25489406.45,"9,347.77450518 ₫",116096240.5,"10,175.0000 ₫",201238060
2019-07-01,"35,598.55224981 ₫",52266531.72,"20,700.28800157 ₫",55755717.86,"9,946.99081974 ₫",168729780.8,"10,275.0000 ₫",158911380
2019-08-01,"34,488.87169349 ₫",37338341.09,"22,595.38479029 ₫",56118325.94,"9,683.33564087 ₫",111122272.8,"10,750.0000 ₫",102673344
2019-09-03,"36,441.90947242 ₫",40305847.25,"22,974.40414820 ₫",42710254.51,"10,138.74004043 ₫",105811320.1,"11,675.0000 ₫",247034806
2019-10-01,"38,927.59391943 ₫",50822923.15,"23,674.13219294 ₫",38389873.02,"10,546.20713361 ₫",152167014.3,"11,850.0000 ₫",121221036
2019-11-01,"37,862.30058462 ₫",36331072.39,"23,615.82152268 ₫",31907733.84,"9,803.17890406 ₫",280150989.6,"11,450.0000 ₫",128922456
2019-12-02,"40,037.27447574 ₫",27242825.49,"26,910.37440171 ₫",30866996.75,"10,018.89677724 ₫",108482643.2,"11,775.0000 ₫",265007480
2020-01-02,"39,371.46614182 ₫",48884267.51,"30,029.99526996 ₫",26811690.06,"11,696.70245773 ₫",400260581.9,"10,800.0000 ₫",106863320
2020-02-03,"36,575.07113961 ₫",44845194.17,"26,531.35504380 ₫",35270377.01,"12,343.85607729 ₫",383188049.3,"11,125.0000 ₫",175452960
2020-03-02,"27,520.07779905 ₫",79059379.93,"17,988.84182677 ₫",49749408.91,"8,245.21648676 ₫",337250957.5,"7,500.0000 ₫",310254546
2020-04-01,"30,183.31113475 ₫",76135793.91,"20,758.59867183 ₫",46272188.38,"9,587.46103087 ₫",256740876.1,"8,600.0000 ₫",176182808
2020-05-04,"37,817.91336244 ₫",72711678.65,"23,382.57884083 ₫",58622247.55,"10,785.89365999 ₫",303688219.9,"10,350.0000 ₫",142445060
2020-06-01,"35,642.93947198 ₫",56368079.64,"22,099.74409187 ₫",46324339.4,"10,330.48926043 ₫",245112181.3,"9,775.0000 ₫",246614542
2020-07-01,"33,911.83780392 ₫",48839333.77,"21,370.86071159 ₫",35424658.11,"10,162.70869293 ₫",201175707.1,"9,075.0000 ₫",172466178
2020-08-03,"36,841.39447331 ₫",49481403.69,"23,878.21953925 ₫",33461703.49,"12,319.88742479 ₫",269078292.1,"10,650.0000 ₫",132935300
2020-09-01,"37,329.65391788 ₫",68314537.69,"23,790.75353428 ₫",56200581.77,"12,727.35451866 ₫",290040719,"11,300.0000 ₫",324573080
2020-10-01,"36,841.39447331 ₫",55730086.59,"22,449.60811424 ₫",89761913.06,"13,901.81849459 ₫",474009338,"10,675.0000 ₫",1108502756
2020-11-02,"41,280.11669858 ₫",43729581.28,"24,315.54956742 ₫",60316790.21,"16,058.99722645 ₫",369278967,"12,050.0000 ₫",808749640
2020-12-01,"43,455.09058927 ₫",49168699.66,"27,930.81113426 ₫",110348447.9,"16,562.33893078 ₫",416592753.3,"15,750.0000 ₫",975867946
2021-01-04,"41,280.11669870 ₫",60373906.36,"23,265.95750015 ₫",75393062.16,"14,620.87807203 ₫",452058578,"16,000.0000 ₫",777457060
2021-02-01,"43,588.25225604 ₫",51151026.91,"25,423.45230592 ₫",44226210.76,"17,856.64616994 ₫",322988327.2,"19,625.0000 ₫",512311040
2021-03-01,"42,079.08669932 ₫",73525348.83,"25,044.43294815 ₫",101864375,"19,246.82801942 ₫",581635949.5,"20,200.0000 ₫",611104546
2021-04-01,"44,387.22225666 ₫",107524412.6,"23,907.37487484 ₫",123341061.7,"19,558.42050292 ₫",652994153.5,"20,500.0000 ₫",510770480
2021-05-04,"43,765.80114507 ₫",88495963.48,"28,397.29649767 ₫",163099994.1,"25,454.70903689 ₫",842849963.5,"26,850.0000 ₫",794978180
2021-06-01,"51,666.72670676 ₫",134871224.1,"27,551.79177649 ₫",164311093.1,"25,262.95981627 ₫",782567561.5,"26,350.0000 ₫",834949120
2021-07-01,"43,499.47781153 ₫",98528107.36,"23,965.68554526 ₫",100618633.9,"21,284.12982985 ₫",662991976.1,"25,550.0000 ₫",1173794206
2021-08-02,"44,120.89892312 ₫",72923227.35,"22,712.00613110 ₫",88277645.62,"19,675.44559852 ₫",588374743.1,"24,250.0000 ₫",771698680
2021-09-01,"43,144.38003348 ₫",45674856.34,"23,003.55948323 ₫",47475461.69,"18,809.23101242 ₫",282883839.6,"24,800.0000 ₫",346842728
2021-10-01,"43,499.47781153 ₫",57189314.2,"24,198.92822697 ₫",49216566.69,"19,489.82818721 ₫",355381230.9,"25,800.0000 ₫",651096048
2021-11-01,"43,898.96281184 ₫",54231823.43,"25,889.93766934 ₫",113988914.1,"20,758.21383114 ₫",505311749.8,"25,900.0000 ₫",969269400
2021-12-01,"44,630.82272435 ₫",53865582.45,"27,208.39488137 ₫",70614994.96,"20,974.76747767 ₫",317444460.5,"25,000.0000 ₫",478333560
2022-01-04,"50,407.90891456 ₫",64490740.44,"35,165.56696932 ₫",117583940,"22,830.94159074 ₫",461523587.1,"26,400.0000 ₫",436449200
2022-02-07,"47,859.19441888 ₫",75168372.65,"32,048.70232658 ₫",68460833.07,"20,510.72394940 ₫",276839923.8,"25,200.0000 ₫",364918160
2022-03-01,"46,499.88002118 ₫",51769921.75,"31,902.02634339 ₫",71318151.57,"20,077.61665635 ₫",234188200.3,"24,775.0000 ₫",345267076
2022-04-01,"45,820.22282234 ₫",101533596.8,"27,318.40186877 ₫",63604959.7,"17,169.61054588 ₫",174393676.6,"22,000.0000 ₫",417399520
2022-05-04,"44,687.46082426 ₫",40826341.35,"25,888.31103268 ₫",36585130.59,"17,262.41925153 ₫",164711389.9,"18,575.0000 ₫",374944400
2022-06-01,"42,365.29872819 ₫",39534431.84,"24,568.22718399 ₫",36642399.68,"16,179.65101891 ₫",143374750.3,"17,775.0000 ₫",331409600
2022-07-01,"42,308.66062829 ₫",39399626.82,"27,355.07086456 ₫",59324606.6,"16,829.31195848 ₫",144902408.7,"18,950.0000 ₫",256121760
2022-08-01,"47,576.00391936 ₫",53201290.39,"29,335.19663760 ₫",55125589.24,"17,478.97289806 ₫",159898111.9,"19,475.0000 ₫",271165200
2022-09-05,"41,459.08912973 ₫",46799663.2,"24,861.57915037 ₫",35098725.01,"14,354.41314106 ₫",90690185.16,"16,250.0000 ₫",265464602
2022-10-03,"41,629.00342944 ₫",47425496.35,"25,338.27609573 ₫",41425323.14,"15,220.62772716 ₫",207863851.4,"12,300.0000 ₫",572258280
2022-11-01,"45,876.86092224 ₫",65560285.5,"30,141.91454513 ₫",61902704.2,"16,860.24819370 ₫",333734209.3,"12,950.0000 ₫",429820414
2022-12-01,"45,310.47992320 ₫",60355485.19,"28,308.46475528 ₫",52402580.39,"16,860.24819370 ₫",163777038.9,"12,925.0000 ₫",490299960
2023-01-03,"52,050.41381178 ₫",36853814.01,"33,075.43420889 ₫",40064500.49,"18,871.10348286 ₫",102695901,"14,700.0000 ₫",216565380
2023-02-01,"52,956.62341024 ₫",33730474.77,"32,342.05429295 ₫",37024875.39,"16,953.05689935 ₫",93579906.53,"13,250.0000 ₫",239836600
2023-03-01,"51,767.22331226 ₫",39714609.14,"33,882.15211643 ₫",24404677.05,"18,066.76136720 ₫",81554687.64,"14,175.0000 ₫",335301280
2023-04-03,"51,257.48041312 ₫",27799968.62,"31,902.02634339 ₫",20967031.77,"17,850.20772067 ₫",75500298.71,"14,750.0000 ₫",275942400
2023-05-04,"53,239.81390976 ₫",29399644.46,"32,268.71630136 ₫",20739182.61,"17,324.29172197 ₫",133410197.5,"14,975.0000 ₫",247570668
2023-06-01,"56,638.09990400 ₫",39437071.58,"31,792.01935600 ₫",38919309.6,"18,252.37877850 ₫",263868080.3,"16,175.0000 ₫",359672288
2023-07-03,"61,270.87360000 ₫",54490101.89,"34,615.53203237 ₫",56233473.41,"18,561.74113068 ₫",215393534.6,"17,150.0000 ₫",321333616
2023-08-01,"59,598.63360000 ₫",48932846.06,"34,432.18705338 ₫",58609393.39,"20,077.61665635 ₫",324172381.7,"17,250.0000 ₫",357835898
2023-09-05,"58,528.40000000 ₫",46626533.87,"32,525.39927194 ₫",30172083.42,"18,592.67736590 ₫",209483473.2,"16,825.0000 ₫",517568166
2023-10-02,"58,060.17280000 ₫",31785957.76,"29,481.87262079 ₫",29079061.94,"17,138.67431066 ₫",109827681.9,"13,850.0000 ₫",248509512
2023-11-01,"56,655.49120000 ₫",44832231.02,"32,107.42710000 ₫",24009505.44,"18,183.08360000 ₫",105519089.3,"14,750.0000 ₫",368626676
2023-12-01,"53,712.34880000 ₫",52490739.97,"35,867.75640000 ₫",27941208.5,"18,736.18120000 ₫",139898225.6,"15,900.0000 ₫",547757326
2024-01-02,"59,197.29600000 ₫",48537889.3,"39,421.47420000 ₫",50136367.05,"21,847.35520000 ₫",298514902.3,"17,275.0000 ₫",342992664
2024-02-01,"65,083.58080000 ₫",36585956.56,"43,801.63800000 ₫",44478647.12,"24,578.27460000 ₫",248709294,"21,100.0000 ₫",396479060
2024-03-01,"63,478.23040000 ₫",55340740.56,"43,057.83660000 ₫",46747639.89,"24,578.27460000 ₫",287685697.4,"23,775.0000 ₫",555005840
2024-04-01,"61,003.31520000 ₫",39223735.83,"40,661.14320000 ₫",42432899.43,"22,677.00160000 ₫",304334672.2,"23,300.0000 ₫",487991596
2024-05-02,"58,327.73120000 ₫",48921863.79,"38,925.60660000 ₫",43071559.42,"22,054.76680000 ₫",294031384,"23,500.0000 ₫",491413038
2024-06-03,"56,989.93920000 ₫",60021604.26,"35,743.78950000 ₫",50064378.07,"21,432.53200000 ₫",246068975.9,"23,350.0000 ₫",633153320
2024-07-01,"59,665.52320000 ₫",110124035.7,"39,338.82960000 ₫",86566128.94,"22,123.90400000 ₫",230610149.1,"23,250.0000 ₫",259937611
2024-08-01,"61,337.76320000 ₫",61493741.93,"40,413.20940000 ₫",62680137.6,"24,232.58860000 ₫",299237581.2,"23,350.0000 ₫",430719600
2024-09-04,"61,538.43200000 ₫",45146779.17,"41,074.36620000 ₫",49293238.76,"25,546.19540000 ₫",246319745.4,"24,200.0000 ₫",379652200
2024-10-01,"62,608.66560000 ₫",45901306.03,"39,462.79650000 ₫",66068563.46,"24,681.98040000 ₫",228995967.4,"23,900.0000 ₫",399034000
2024-11-01,"62,407.99680000 ₫",49967707.98,"38,636.35050000 ₫",43208509.69,"24,716.54900000 ₫",176924868.2,"23,600.0000 ₫",305223000
2024-12-02,"61,003.31520000 ₫",55114995.46,"37,550.00000000 ₫",63589153.9,"26,133.86160000 ₫",188306295.3,"24,650.0000 ₫",318345118
2025-01-02,"61,939.76960000 ₫",36390684.05,"40,000.00000000 ₫",53007400,"26,272.13600000 ₫",147236509.4,"24,750.0000 ₫",192135050
2025-02-03,"62,407.99680000 ₫",52991047.94,"40,950.00000000 ₫",76883400,"28,691.93800000 ₫",223706485.1,"26,100.0000 ₫",369614662
2025-03-03,"64,000.00000000 ₫",74630978.12,"38,750.00000000 ₫",65419000,"28,657.36940000 ₫",215746949.5,"27,500.0000 ₫",466897924
2025-04-01,"57,300.00000000 ₫",85975501,"34,550.00000000 ₫",74255200,"25,719.03840000 ₫",304030040.3,"26,300.0000 ₫",577046931
2025-05-05,"56,400.00000000 ₫",107781191,"36,000.00000000 ₫",83189832,"26,479.54760000 ₫",221819583.4,"30,450.0000 ₫",511494670
2025-06-02,"57,000.00000000 ₫",75963408,"36,300.00000000 ₫",69458472,"28,968.48680000 ₫",220650847.9,"34,200.0000 ₫",508582037
2025-07-01,"60,200.00000000 ₫",247819480,"37,850.00000000 ₫",189293570,"31,733.97480000 ₫",292349664.1,"34,000.0000 ₫",631921707
2025-08-01,"68,600.00000000 ₫",248278395,"42,850.00000000 ₫",270203010,"35,467.38360000 ₫",448453660.3,"39,600.0000 ₫",797152632
2025-09-03,"62,000.00000000 ₫",140479309,"40,000.00000000 ₫",115644291,"35,121.69760000 ₫",266094996.6,"37,850.0000 ₫",422542667
2025-10-01,"59,600.00000000 ₫",122514434,"37,400.00000000 ₫",88771051,"33,877.22800000 ₫",376944621.7,"35,100.0000 ₫",498066548
2025-11-03,"57,400.00000000 ₫",68989914,"37,100.00000000 ₫",39874678,"33,877.22800000 ₫",203634045.1,"33,750.0000 ₫",272233240
2025-12-01,"57,500.00000000 ₫",91064466,"38,900.00000000 ₫",53117669,"35,750.00000000 ₫",263265169.2,"34,900.0000 ₫",333713893
2026-01-05,"72,300.00000000 ₫",195027450,"51,500.00000000 ₫",167351210,"39,950.00000000 ₫",280935955,"35,950.0000 ₫",253757260